correct,p in gcc/gcc.c:5288,spec in gcc/gcc.c:5286,incorrect,buf in gcc/gcc.c:5417,p in gcc/gcc.c:5288,
,info in gcc/gcc.c:2731,data in gcc/gcc.c:2730,,buf in gcc/gcc.c:5431,p in gcc/gcc.c:5288,
,saved_suffix in gcc/gcc.c:5500,t in gcc/gcc.c:5628,,buf in gcc/gcc.c:6859,fd in gcc/gcc.c:6857,
,q in gcc/gcc.c:4809,p in gcc/gcc.c:4809,,path in gcc/gcc.c:2730,data in gcc/gcc.c:2730,
, path in gcc/gcc.c:7174,cp in gcc/gcc.c:7175,,q in gcc/gcc.c:4809,args in gcc/gcc.c:4808,
,p in gcc/gcc.c:6367,orig in gcc/gcc.c:6373,,multi_suffix in gcc/gcc.c:2572,just_multi_suffix in gcc/gcc.c:2573,
,end_atom in gcc/gcc.c:6369,p in gcc/gcc.c:6367,,multi_suffix in gcc/gcc.c:2572,var is path in gcc/gcc.c:2574,
,orig in gcc/gcc.c:6373,end_atom in gcc/gcc.c:6369,,just_multi_suffix in gcc/gcc.c:2573,var is path in gcc/gcc.c:2574,
,atom in gcc/gcc.c:6369,end_atom in gcc/gcc.c:6369,,new_argv in gcc/gccc:6939,err in gcc/gcc.c:6954,
,orig in gcc/gcc.c:6373,atom in gcc/gcc.c:6369,,exit_status in gcc/gcc.c:6951,err in gcc/gcc.c:6954,
,d_atom in gcc/gcc.c:6370,atom in gcc/gcc.c:6369,,new_argv in gcc/gccc:6939,exit_status in gcc/gcc.c:6951,
,end_atom in gcc/gcc.c:6369,d_end_atom in gcc/gcc.c:6370,,path1 in gcc/gcc.c:7171,path in gcc/gcc.c:7174,
,p in gcc/gcc.c:6583,body in gcc/gcc.c:6586,,ap in gcc/gcc.c:6441,ep in gcc/gcc.c:6442 ,
,p in gcc/gcc.c:6583,end_body in gcc/gcc.c:6586,,argv in gcc/gcc.c:9648,name in gcc/gcc.c:2852,
,body in gcc/gcc.c:6586,end_body in gcc/gcc.c:6586,,argv in gcc/gcc.c:9860,name in gcc/gcc.c:9862,
,p in gcc/gcc.c:6215,endp in gcc/gcc.c:6219,,lopt in gcc/gcc.c:9918,argv in gcc/gcc.c:9903,
,argv in gcc/gcc.c:9371,varname in gcc/gcc.c:9374,,argv in gcc/gcc.c:9944,name in gcc/gcc.c:9946,
,ptr in gcc/gcc.c:9377,result in gcc/gcc.c:9376,,p in gcc/gcc.c:9947,argv in gcc/gcc.c:9944,
,p in gcc/gcc.c:9947,name in gcc/gcc.c:9946,,argv in gcc/gcc.c:9999,converted in gcc/gcc.c:10001,
,prev in gcc/gcc.c:2916,pprefix in gcc/gcc.c:2912,,prev in gcc/gcc.c:2916,prefix in gcc/gcc.c:2912,
,specs in gcc/gcc.c:2095,specs_p in gcc/gcc.c:2096,,specs in gcc/gcc.c:2095,buffer in gcc/gcc.c:2093,
,buffer in gcc/gcc.c:2093,buffer_p in gcc/gcc.c:2094,,specs_p in gcc/gcc.c:2096,specs_p in gcc/gcc.c:2096,
,p in gcc/gcc.c:2160,p1 in gcc/gcc.c:2170,,specs_p in gcc/gcc.c:2096,buffer_p in gcc/gcc.c:2094,
,p in gcc/gcc.c:2160,p2 in gcc/gcc.c:2170,,buffer in gcc/gcc.c:2093,specs_p in gcc/gcc.c:2096,
,p in gcc/gcc.c:2160,p3 in gcc/gcc.c:2170,,p in gcc/gcc.c:2160,spec in gcc/gcc.c:2169,
,p1 in gcc/gcc.c:2170,p2 in gcc/gcc.c:2170,,p1 in gcc/gcc.c:2170,in in gcc/gcc.c:2170,
,p1 in gcc/gcc.c:2170,p2 in gcc/gcc.c:2170,,p2 in gcc/gcc.c:2170,out in gcc/gcc.c:2170,
,p2 in gcc/gcc.c:2170,p3 in gcc/gcc.c:2170,,p1 in gcc/gcc.c:2170,out in gcc/gcc.c:2170,
,spec in gcc/gcc.c:2169,in in gcc/gcc.c:2170,,p2 in gcc/gcc.c:2170,in in gcc/gcc.c:2170,
,spec in gcc/gcc.c:2169,out in gcc/gcc.c:2170,,specs_file in gcc/gcc.c:7573,spec_machine_suffix in gcc/gcc.c:7572,
,in in gcc/gcc.c:2170,out in gcc/gcc.c:2170,,q in gcc/gcc.c:9035,p in gcc/gcc.c:8842,
,filename in gcc/gcc.c:7207,p in gcc/gcc.c:7209,,new_multilib_dir in gcc/gcc.c:9034,q in gcc/gcc.c:9035,line 312
,p in gcc/gcc.c:8536,spec in gcc/gcc.c:8534,,this_arg in gcc/gcc.c:8844,this_arg in gcc/gcc.c:8844,
,start in gcc/gcc.c:8845,multilib_defaults in gcc/gcc.c:8850,,start in gcc/gcc.c:8845,p in gcc/gcc.c:8842,
,start in gcc/gcc.c:8845,multilib_defaults in gcc/gcc.c:8867,,start in gcc/gcc.c:8845,q in gcc/gcc.c:9035,
,p in gcc/gcc.c:8842,multilib_exclusions in gcc/gcc.c:8889,,p in gcc/gcc.c:8842,this_arg in gcc/gcc.c:8844,
,this_arg in gcc/gcc.c:8844,p in gcc/gcc.c:8842,,q in gcc/gcc.c:9035,multilib_defaults in gcc/gcc.c:8850,
,multilib_exclusions in gcc/gcc.c:8889,this_arg in gcc/gcc.c:8844,,new_multilib_dir in gcc/gcc.c:9034,multilib_defaults in gcc/gcc.c:8867,
,new_multilib_dir in gcc/gcc.c:9034,q in gcc/gcc.c:9035,,this_arg in gcc/gcc.c:8844,multilib_exclusions in gcc/gcc.c:8889,
,p in gcc/gcc.c:9109,q in gcc/gcc.c:9165,,skip in gcc/gcc.c:9111,p in gcc/gcc.c:9109,
,p in gcc/gcc.c:9109,multilib_select in gcc/gcc.c:9109,,skip in gcc/gcc.c:9111,e in gcc/gcc.c:9149,
,this_path in gcc/gcc.c:9110,last_path in gcc/gcc.c:9110,,name in gcc/gcc.c:8095,compiler in gcc/gcc.c:8096,
,this_path in gcc/gcc.c:9110,multilib_select in gcc/gcc.c:9109,,rfd in gcc/gcc.c:8405 ,wfd in gcc/gcc.c:8406,
,last_path in gcc/gcc.c:9110,multilib_select in gcc/gcc.c:9109,,rfd in gcc/gcc.c:8405 ,space in gcc/gcc.c:8422,
,p in gcc/gcc.c:9109,last_path in gcc/gcc.c:9110,,space in gcc/gcc.c:8422,wfd in gcc/gcc.c:8406,
,p in gcc/gcc.c:9109,this_path in gcc/gcc.c:9110,,name in gcc/gcc.c:8446,language in gcc/gcc.c:8446,
,e in gcc/gcc.c:9149,multilib_select in gcc/gcc.c:9109,,decoded_options_count in gcc/gcc.c:4326,decoded_options in gcc/gcc.c:4327,
,q in gcc/gcc.c:9255,p in gcc/gcc.c:9109,,temp1 in gcc/gcc.c:433,decoded_options_count in gcc/gcc.c:4326,
,arg in gcc/ gcc.c:9260,q in gcc/gcc.c:9255,,decoded_options in gcc/gcc.c:4327,temp1 in gcc/gcc.c:433,
,p1 in gcc/gcc.c:9291,last_path in gcc/gcc.c:9110,,temp in gcc/gcc.c:4329,decoded_options in gcc/gcc.c:4327,
,q in gcc/gcc.c:9336,multilib_extra in gcc/gcc.c:9338,,temp in gcc/gcc.c:4329,temp1 in gcc/gcc.c:433,
,space in gcc/gcc.c:8422,makeflags in gcc/gcc.c:8398,,nstore in gcc/gcc.c:4446,temp in gcc/gcc.c:4329,
,temp in gcc/gcc.c:4329,gcc_exec_prefix in gcc/gcc.c:4424,,nstore in gcc/gcc.c:4446,endp in gcc/gcc.c:4445,
,startp in gcc/gcc.c:4445,endp in gcc/gcc.c:4445,,nstore in gcc/gcc.c:4446,startp in gcc/gcc.c:4445,
,temp in gcc/gcc.c:4329,startp in gcc/gcc.c:4445,,nstore in gcc/gcc.c:4513,startp in gcc/gcc.c:4445,
,endp in gcc/gcc.c:4445,temp in gcc/gcc.c:4329,,nstore in gcc/gcc.c:4513,endp in gcc/gcc.c:4445,
,startp in gcc/gcc.c:4512,endp in gcc/gcc.c:4512,,consumed in gcc/gcc.c:4570,arg in gcc/gcc.c:4566,
,arg in gcc/gcc.c:4566,p in gcc/gcc.c:4567,,consumed in gcc/gcc.c:4570,p in gcc/gcc.c:4567,
,tmp_spec_p in gcc/gcc.c:5041,tmp_spec in gcc/gcc.c:5041,,fname in gcc/gcc.c:4568,p in gcc/gcc.c:4567,
,spec in gcc/gcc.c:5037,p in gcc/gcc.c:5040,,fname in gcc/gcc.c:4568,arg in gcc/gcc.c:4566,
,q in gcc/gcc.c:5040,spec in gcc/gcc.c:5037,,consumed in gcc/gcc.c:4570,fname in gcc/gcc.c:4568,
,q in gcc/gcc.c:5040,p in gcc/gcc.c:5040,,temp in gcc/gcc.c:4329,fname in gcc/gcc.c:4568,
,p in gcc/gcc.c:8570,start in gcc/gcc.c:8568,,temp in gcc/gcc.c:4329,p in gcc/gcc.c:4567,
,atom in gcc/gcc.c:8571,p in gcc/gcc.c:8570,,name in gcc/gcc.c:5037,spec in gcc/gcc.c:5037,
,q in gcc/gcc.c:8683,multilib_matches in gcc/gcc.c:8688,,tmp_spec_p in gcc/gcc.c:5041,q in gcc/gcc.c:5040,
,q in gcc/gcc.c:8683,multilib_options in gcc/gcc.c:8754,,tmp_spec_p in gcc/gcc.c:5041,p in gcc/gcc.c:5040,
,q in gcc/gcc.c:8683,r in gcc/gcc.c:8752,,argbuf_copy in gcc/gcc.c:5102,decoded_options in gcc/gcc.c:5103,
,arg in gcc/gcc.c:3892,compare_debug_opt in gcc/gcc.c:4034,,decoded_options_count in gcc/gcc.c:5105,argbuf_copy in gcc/gcc.c:5102,
,arg in gcc/gcc.c:3785,cut in gcc/gcc.c:3787,,decoded_options_count in gcc/gcc.c:5105,decoded_options in gcc/gcc.c:5103,
,arg in gcc/gcc.c:3785,end in gcc/gcc.c:3787,,arg in gcc/gcc.c:3785,c in gcc/gcc.c:3787,
,arg in gcc/gcc.c:3785,next in gcc/gcc.c:3787,,arg in gcc/gcc.c:3785,c in gcc/gcc.c:3787,
,c in gcc/gcc.c:3787,n in gcc/gcc.c:3787,,arg in gcc/gcc.c:3785,c in gcc/gcc.c:3787,
,in_decoded_options in gcc/c-family/cppspec.c:48,decoded_options in gcc/c-family/cppspec.c:52,,cut in gcc/gcc.c:3787,n in gcc/gcc.c:3787,
,in_decoded_options in gcc/c-family/cppspec.c:48,file in gcc/c-family/cppspec.c:104,,end in gcc/gcc.c:3787,n in gcc/gcc.c:3787,
,key in gcc/prefix.c:247,,,next in gcc/gcc.c:3787,n in gcc/gcc.c:3787,
,src in gcc/prefix.c:276,var is result in gcc/prefix.c:249,,in_decoded_options in gcc/c-family/cppspec.c:48,in_decoded_options_count in gcc/c-family/cppspec.c:49,
,src in gcc/prefix.c:276,p in gcc/prefix.c:249,,file in gcc/c-family/cppspec.c:104,in_decoded_options_count in gcc/c-family/cppspec.c:49,
,src in gcc/prefix.c:276,dest in gcc/prefix.c:276,,name in gcc/prefix.c:183,key in gcc/prefix.c:186,
,var is result in gcc/prefix.c:249,dest in gcc/prefix.c:276,, p in gcc/opts.c:167,base_out in gcc/opts.c:163,
,var is result in gcc/prefix.c:249,p in gcc/prefix.c:249,, end in gcc/opts.c:2003,v in gcc/opts.c:2004,
,dest in gcc/prefix.c:276,p in gcc/prefix.c:249,,a in gcc/opts.c:2056,pflags in gcc/opts.c:2092,
, p in gcc/opts.c:167,path in gcc/opts.c:163,,arg in gcc/opts.c:1449,help in gcc/opts.c:1261,
, base in gcc/opts.c:165,path in gcc/opts.c:163,,arg in gcc/opts.c:1449,opt in gcc/opts.c:1278,
, base in gcc/opts.c:165, p in gcc/opts.c:167,,arg in gcc/opts.c:2203,tmp in gcc/opts.c:2361,
,sep in gcc/opts.c:835,opts in gcc/opts.c:827,,p in gcc/opts.c:2399,arg in gcc/opts.c:2203,
,p in gcc/opts.c:1863,comma in gcc/opts.c:1878,,p in gcc/opts.c:2399,tmp in gcc/opts.c:2361,
,help in gcc/opts.c:1261,opt in gcc/opts.c:1278,,p in gcc/opts.c:2517,comma in gcc/opts.c:2612,
,p in gcc/opts.c:2517,comma in gcc/opts.c:2521,,arg in gcc/opts-common.c:178,end in gcc/opts-common.c:192,
,patch_area_arg in gcc/opts.c:2611,comma in gcc/opts.c:2612,,arg in gcc/opts-common.c:178,err in gcc/opts-common.c:178,
,tmp in gcc/opts.c:231,r in gcc/opts.c:232,, end in gcc/opts-common.c:192,err in gcc/opts-common.c:178,
,tmp in gcc/opts.c:231,w in gcc/opts.c:233,,arg in gcc/opts-common.c:319,value in gcc/opts-common.c:320,
,tmp in gcc/opts.c:231,token_start in gcc/opts.c:234,,opt_text in gcc/opts-common.c:489,new_prefix in gcc/opts-common.c:500,
,r in gcc/opts.c:232,w in gcc/opts.c:233,,arg in gcc/opts-common.c:905,end in gcc/opts-common.c:903,
,r in gcc/opts.c:232,token_start in gcc/opts.c:234,,arg in gcc/opts-common.c:536,dup in gcc/opts-common.c:576,
,token_start in gcc/opts.c:234,w in gcc/opts.c:233,,argv in gcc/opts-common.c:532,dup in gcc/opts-common.c:576,
,argv in gcc/opts-common.c:938,opt in gcc/opts-common.c:964,,opt_value in gcc/opts-common.c:551,dup in gcc/opts-common.c:576,
,opt1 in gcc/opts-common.c:558,new_prefix in gcc/opts-common.c:559,,p in gcc/opts-common.c:541,arg in gcc/opts-common.c:536,
,arg in gcc/opts-common.c:536,opt_value in gcc/opts-common.c:551,,p in gcc/opts-common.c:541,argv in gcc/opts-common.c:532,
,str in gcc/opts-common.c:1238,p in gcc/opts-common.c:1244,,p in gcc/opts-common.c:541,opt_value in gcc/opts-common.c:551,
,arg in gcc/opts-common.c:1661,carg in gcc/opts-common.c:1722,,p in gcc/opts-common.c:541,dup in gcc/opts-common.c:576,
,text in gcc/diagnostic.c:836,ch in gcc/diagnostic.c:842,,p in gcc/opts-common.c:541,arg in gcc/opts-common.c:536,
,pcount in gcc/diagnostic.c:446,data in gcc/diagnostic.c:443,,p in gcc/opts-common.c:541,opt_value in gcc/opts-common.c:551,
,name in gcc/diagnostic.c:1213,p in gcc/diagnostic.c:1216,,werror_arg in gcc/opts-common.c:765,argv in gcc/opts-common.c:532,
,q in gcc/diagnostic.c:1216,this_file in gcc/diagnostic.c:1215,,werror_arg in gcc/opts-common.c:765,opt_value in gcc/opts-common.c:551,
,name in gcc/diagnostic-color.c:13,p in gcc/diagnostic-color.c:138,,werror_arg in gcc/opts-common.c:765,dup in gcc/opts-common.c:576,
,name in gcc/diagnostic-color.c:13,q in gcc/diagnostic-color.c:138,,werror_arg in gcc/opts-common.c:765,arg in gcc/opts-common.c:536,
,name in gcc/diagnostic-color.c:13,val in gcc/diagnostic-color.c:138,,werror_arg in gcc/opts-common.c:765,opt_value in gcc/opts-common.c:551,
,p in gcc/diagnostic-color.c:138,q in gcc/diagnostic-color.c:138,,werror_arg in gcc/opts-common.c:765,p in gcc/opts-common.c:541,
,p in gcc/diagnostic-color.c:138,val in gcc/diagnostic-color.c:138,,decoded_options_count in gcc/opts-common.c:941,argv in gcc/opts-common.c:532,
,q in gcc/diagnostic-color.c:138,val in gcc/diagnostic-color.c:138,,decoded_options_count in gcc/opts-common.c:941,opt_value in gcc/opts-common.c:551,
,p in gcc/pretty-print.c:969,start in gcc/pretty-print.c:961,,decoded_options_count in gcc/opts-common.c:941,dup in gcc/opts-common.c:576,
,p in gcc/pretty-print.c:969,start in gcc/pretty-print.c:961,,decoded_options_count in gcc/opts-common.c:941,arg in gcc/opts-common.c:536,
,text in gcc/pretty-print.c:860,p in gcc/pretty-print.c:861,,decoded_options_count in gcc/opts-common.c:941,opt_value in gcc/opts-common.c:551,
,text in gcc/pretty-print.c:929, p in gcc/pretty-print.c:930,,decoded_options_count in gcc/opts-common.c:941,p in gcc/opts-common.c:541,
,p in gcc/pretty-print.c:1073,end in gcc/pretty-print.c:1176,,decoded_options_count in gcc/opts-common.c:941,werror_arg in gcc/opts-common.c:765,
,p in gcc/pretty-print.c:1073,end in gcc/pretty-print.c:1223,,candidate in gcc/opts-common.c:1243,str in gcc/opts-common.c:1238,
,end in gcc/pretty-print.c:1176,end in gcc/pretty-print.c:1223,,candidate in gcc/opts-common.c:1243,p in gcc/opts-common.c:1244,
,p in gcc/pretty-print.c:1073,text in gcc/pretty-print.c:1170,,error in gcc/opts-common.c:1704,arg in gcc/opts-common.c:1661,
,str in gcc/pretty-print.c:1836,ps in gcc/pretty-print.c:1841,,opts_count in gcc/opts-common.c:1791,opt in gcc/opts-common.c:1802,
,str in gcc/pretty-print.c:1836,last in gcc/pretty-print.c:1840,,v_next in gcc/spellcheck.c:65,v_one_ago in gcc/spellcheck.c:64,
,ps in gcc/pretty-print.c:1841,last in gcc/pretty-print.c:1840,,v_next in gcc/spellcheck.c:65,v_two_ago in gcc/spellcheck.c:63,
,uid in gcc/pretty-print.c:2018,ident in gcc/pretty-print.c:2016,,v_two_ago in gcc/spellcheck.c:63,v_one_ago in gcc/spellcheck.c:64,
,p in gcc/pretty-print. c:2045,ret in gcc/pretty-print. c:2044,,src in gcc/vec.h:528,dst in gcc/vec.h:528,
,p in gcc/pretty-print.c:2147,ret in gcc/pretty-print. c:2146,,function in gcc/diagnostic.c:444,pcount in gcc/diagnostic.c:446,
,inbuf in libcpp/charset.c:564,from in libcpp/charset.c:561,,data in gcc/diagnostic.c:443,function in gcc/diagnostic.c:444,
,bufp in libcpp/charset.c:2078,buf in libcpp/charset.c:2077,,q in gcc/diagnostic.c:1216,p in gcc/diagnostic.c:1216,
,src in libcpp/directives.c:1547,txt in libcpp/directives.c:1548,,p in gcc/pretty-print.c:1073,colorstr in gcc/pretty-print.c:1130,
,macroname in libcpp/directives.c:1546,dest in libcpp/directives.c:1546,,endurlstr in gcc/pretty-print.c:1142,colorstr in gcc/pretty-print.c:1130,
,macroname in libcpp/directives.c:1604,dest in libcpp/directives.c:1604,,p in gcc/pretty-print.c:1073,endurlstr in gcc/pretty-print.c:1142,
,dest in libcpp/directives.c:1822,result in libcpp/directives.c:1822,,errstr in gcc/pretty-print.c:1160,p in gcc/diagnostic.c:1216,
, src in libcpp/directives.c:1821, in in libcpp/directives.c:1818,,errstr in gcc/pretty-print.c:1160,colorstr in gcc/pretty-print.c:1130,
, limit in libcpp/directives.c:1821, in in libcpp/directives.c:1818,,errstr in gcc/pretty-print.c:1160,endurlstr in gcc/pretty-print.c:1142,
,s in libcpp/expr.c:89,orig_s in libcpp/expr.c:92,,s in gcc/pretty-print.c:1410,end in gcc/pretty-print.c:1418,
,str in libcpp/expr.c:508,token in libcpp/expr.c:505,,quote in  gcc/pretty-print.c:1272,end in gcc/pretty-print.c:1176,
,limit in libcpp/expr.c:509,str in libcpp/expr.c:508,,quote in  gcc/pretty-print.c:1272,end in gcc/pretty-print.c:1223,
,p in libcpp/expr.c:849,token in libcpp/expr.c:846,,p in gcc/pretty-print.c:1949,value in gcc/pretty-print.c:1949,
,end in libcpp/expr.c:849,token in libcpp/expr.c:846,,ident in gcc/pretty-print.c:2016,c in gcc/pretty-print.c:2026,
,p in libcpp/expr.c:849,end in libcpp/expr.c:849,,c in gcc/pretty-print.c:2150,p in gcc/pretty-print.c:2147,
,fname in libcpp/files.c:1674,p in libcpp/files.c:1674,,str in gcc/intl.c:140,spaces in gcc/intl.c:143,
,fname in libcpp/files.c:1674,file in libcpp/files.c:1673,,buffer in gcc/input.c:753,len in gcc/input.c:754,
,fname in libcpp/files.c:1676,file in libcpp/files.c:1673,,line_start in gcc/input.c:532,line_len in gcc/input.c:522,
,hash_slot in libcpp/files.c:1159,dir_name in libcpp/files.c:1157,,line_start in gcc/input.c:532,line in gcc/input.c:522,
,entry in libcpp/files.c:1159,*hash_slot in libcpp/files.c:1168,,line in gcc/input.c:522,line_len in gcc/input.c:522,
,alloc in libcpp/files.c:1581,set in libcpp/files.c:1581,,to in libcpp/charset.c:635,pair in libcpp/charset.c:638,
,p in libcpp/lex.c:237,s in libcpp/lex.c:229,,to in libcpp/charset.c:635,from in libcpp/charset.c:635,
,s in libcpp/lex.c:938,d in libcpp/lex.c:939,,from in libcpp/charset.c:635,pair in libcpp/charset.c:638,
,p in libcpp/lex.c:939,d in libcpp/lex.c:939,,inbytesleft in libcpp/charset.c:566,outbytesleft in libcpp/charset.c:566,
,p in libcpp/lex.c:1081,note in libcpp/lex.c:1079,,cp in libcpp/charset.c:1043,pstr in libcpp/charset.c:1041,
,cur in libcpp/lex.c:1176,buffer in libcpp/lex.c:1175,,cp in libcpp/charset.c:1043,str in libcpp/charset.c:1049,
,buffer in libcpp/lex.c:1175,pfile in libcpp/lex.c:1173,,pstr in libcpp/charset.c:1041,str in libcpp/charset.c:1049,
,pfile in libcpp/lex.c:1173,cur in libcpp/lex.c:1176,,pstr in libcpp/charset.c:1235,base in libcpp/charset.c:1241,
,buffer in libcpp/lex.c:2717,comment_start in libcpp/lex.c:2718,,answer_ptr in libcpp/directives.c:2227,sym in libcpp/directives.c:2245,
,base in libcpp/lex.c:3145,buffer in libcpp/lex.c:2717,,value in libcpp/directives.c:2289,answer in libcpp/directives.c:2291,
,base in libcpp/lex.c:3145,pstr in libcpp/lex.c:3163,,str in libcpp/directives.c:2375,buf in libcpp/directives.c:2377,
,buffer in libcpp/lex.c:2717,pstr in libcpp/lex.c:3163,,str in libcpp/directives.c:2424,buf in libcpp/directives.c:2427,
,comment_start in libcpp/lex.c:2718,pstr in libcpp/lex.c:3163,,macro in libcpp/directives.c:2435,buf in libcpp/directives.c:2438,
,comment_start in libcpp/lex.c:2718,base in libcpp/lex.c:3145,,str in libcpp/directives.c:2516,buf in libcpp/directives.c:2523,
,from in libcpp/lex.c:2191,comment_start in libcpp/lex.c:2189,,virtual_location in libcpp/expr.c:1291,temp in libcpp/expr.c:1101,
,cur in libcpp/lex.c:1544,base in libcpp/lex.c:1545,,unsignedp in libcpp/expr.c:1102,virtual_location in libcpp/expr.c:1291,
,cur in libcpp/lex.c:1544,pfile  in libcpp/lex.c:1541,,temp in libcpp/expr.c:1101,unsignedp in libcpp/expr.c:1102,
,base in libcpp/lex.c:1545,pfile  in libcpp/lex.c:1541,,e1 in libcpp/files.c:1830,e2 in libcpp/files.c:1830,
,base in libcpp/lex.c:1984,cur in libcpp/lex.c:1987,,dest in libcpp/lex.c:1546,base in libcpp/lex.c:1545,
,base in libcpp/lex.c:1669,orig_base in libcpp/lex.c:1674,,dest in libcpp/lex.c:1546,pfile  in libcpp/lex.c:1541,
,cur in libcpp/lex.c:1670,base in libcpp/lex.c:1669,,dest in libcpp/lex.c:1546,cur in libcpp/lex.c:1544,
,orig_base in libcpp/lex.c:1674,cur in libcpp/lex.c:1670,,base in libcpp/lex.c:1456,cur in libcpp/lex.c:1460,
,cur in libcpp/lex.c:1626,base in libcpp/lex.c:1624,,name in libcpp/lex.c:3221,buffer in libcpp/lex.c:3221,
,*spelling in libcpp/lex.c:1479,result in libcpp/lex.c:1459,,str in libcpp/macro.c:516,buf in libcpp/macro.c:518;,
,buf in libcpp/macro.c:540,result in libcpp/macro.c:483,,plhs in libcpp/macro.c:883,lhsend in libcpp/macro.c:885,
,location in libcpp/macro.c:2789,context in libcpp/macro.c:2803,,plhs in libcpp/macro.c:883,end in libcpp/macro.c:885,
,end in libcpp/macro.c:885,lhsend in libcpp/macro.c:885,,from in libcpp/macro.c:1956,paste_flag in libcpp/macro.c:1957,
,lhs in libcpp/macro.c:886,*plhs in libcpp/macro.c:933,,buf in libcpp/macro.c:698,nbuf in libcpp/macro.c:700,
,token_ptr in libcpp/macro.c:1669,iter in libcpp/macro.c:1665,,start in libcpp/mkdeps.c:276,o in libcpp/mkdeps.c:277,
,*token_ptr in libcpp/macro.c:1586,token in libcpp/macro.c:1575,,tgt in libcpp/mkdeps.c:263,o in libcpp/mkdeps.c:277,
,p in libcpp/macro.c:3711,q in libcpp/macro.c:3711,,tgt in libcpp/mkdeps.c:263,suffix in libcpp/mkdeps.c:279,
,p in libcpp/mkdeps.c:19,t in libcpp/mkdeps.c:186,,p in libcpp/mkdeps.c:305,str in libcpp/mkdeps.c:313,
,tgt in libcpp/mkdeps.c:263,start in libcpp/mkdeps.c:276,,elem in libcpp/mkdeps.c:305,str in libcpp/mkdeps.c:313,
,o in libcpp/mkdeps.c:277,suffix in libcpp/mkdeps.c:279,,vpath in libcpp/mkdeps.c:303,str in libcpp/mkdeps.c:313,
,p in libcpp/mkdeps.c:193,t in libcpp/mkdeps.c:186,,chars in libcpp/symtab.c:163,str in libcpp/symtab.c:99,
,vpath in libcpp/mkdeps.c:303,elem in libcpp/mkdeps.c:305,,buf in libcpp/traditional.c:634,text in libcpp/traditional.c:677,
,p in libcpp/mkdeps.c:305,elem in libcpp/mkdeps.c:305,,out in libcpp/traditional.c:259,cur in libcpp/traditional.c:256,
,p in libcpp/mkdeps.c:305,vpath in libcpp/mkdeps.c:303,,cur in libcpp/traditional.c:224,out in libcpp/traditional.c:226,
,p in libcpp/symtab.c:226,table in libcpp/symtab.c:224,,filename in libbacktrace/fileline.c:61,fileline_fn in libbacktrace/fileline.c:57,
,limit in libcpp/symtab.c:226,table in libcpp/symtab.c:224,,filename in libbacktrace/fileline.c:61,does_not_exist in libbacktrace/fileline.c:88,
,p in libcpp/symtab.c:279,table in libcpp/symtab.c:274,,fileline_fn in libbacktrace/fileline.c:57,does_not_exist in libbacktrace/fileline.c:88,
,limit in libcpp/symtab.c:279,table in libcpp/symtab.c:274,,pout in libbacktrace/elf.c:1644,pin in libbacktrace/elf.c:1643,
,text in libcpp/traditional.c:829,buf in libcpp/traditional.c:830,,found_sym in libbacktrace/elf.c:2620,buildid_data in libbacktrace/elf.c:2649,
,p1 in libcpp/traditional.c:1275,p2 in libcpp/traditional.c:1276,,uncompressed_data in libbacktrace/elf.c:3199,uncompressed_size in libbacktrace/elf.c:3200,
,ppsmall in libbacktrace/mmap.c:80,pp in libbacktrace/mmap.c:81,,found_dwarf in libbacktrace/elf.c:333,elf_fileline_fn in libbacktrace/elf.c:3335,
,uncompressed in libbacktrace/elf.c:2491,compressed in libbacktrace/elf.c:2488,,lines in libbacktrace/dwarf.c:3567,count in libbacktrace/dwarf.c:3634,
,pout in libbacktrace/elf.c:1644,porigout in libbacktrace/elf.c:1646,,lines in libbacktrace/dwarf.c:3567,found in libbacktrace/dwarf.c:3562,
,pinend in libbacktrace/elf.c:1647,pin in libbacktrace/elf.c:1643,,lines in libbacktrace/dwarf.c:3567,filename in libbacktrace/dwarf.c:3709,
,poutend in libbacktrace/elf.c:1648,pout in libbacktrace/elf.c:1644,,lines in libbacktrace/dwarf.c:3567,dir in libbacktrace/dwarf.c:3717;,
,plen in libbacktrace/elf.c:1796,plenbase in libbacktrace/elf.c:1795,,lines in libbacktrace/dwarf.c:3567,s in libbacktrace/dwarf.c:3719,
,plenend in libbacktrace/elf.c:1797,plen in libbacktrace/elf.c:1796,,lines in libbacktrace/dwarf.c:3567,lineno in libbacktrace/dwarf.c:3572,
,p in libbacktrace/elf.c:2347,uncompressed in libbacktrace/elf.c:2342,,lines in libbacktrace/dwarf.c:3567,ln in libbacktrace/dwarf.c:3567,
,new_buf in libbacktrace/elf.c:910,c in libbacktrace/elf.c:927,,count in libbacktrace/dwarf.c:3634,found in libbacktrace/dwarf.c:3562,
,new_buf in libbacktrace/elf.c:910,filename in libbacktrace/elf.c:889,,count in libbacktrace/dwarf.c:3634,filename in libbacktrace/dwarf.c:3709,
,filename in libbacktrace/elf.c:889,c in libbacktrace/elf.c:927,,count in libbacktrace/dwarf.c:3634,dir in libbacktrace/dwarf.c:3717;,
,unit_data_start in libbacktrace/dwarf.c:2118,info in libbacktrace/dwarf.c:2088,,count in libbacktrace/dwarf.c:3634,s in libbacktrace/dwarf.c:3719,
,p in libbacktrace/dwarf.c:550,buf in libbacktrace/dwarf.c:548,,count in libbacktrace/dwarf.c:3634,lineno in libbacktrace/dwarf.c:3572,
,filename in libbacktrace/dwarf.c:3709,s in libbacktrace/dwarf.c:3719,,count in libbacktrace/dwarf.c:3634,ln in libbacktrace/dwarf.c:3567,
,filename in libbacktrace/dwarf.c:3571,ln in libbacktrace/dwarf.c:3567,,found in libbacktrace/dwarf.c:3562,filename in libbacktrace/dwarf.c:3709,
,p in libbacktrace/dwarf.c:477,buf in libbacktrace/dwarf.c:475,,found in libbacktrace/dwarf.c:3562,dir in libbacktrace/dwarf.c:3717;,
,p in libbacktrace/dwarf.c:501,buf in libbacktrace/dwarf.c:499,,found in libbacktrace/dwarf.c:3562,s in libbacktrace/dwarf.c:3719,
,*ppaths in libbacktrace/dwarf.c:2593,path in libbacktrace/dwarf.c:2449,,found in libbacktrace/dwarf.c:3562,lineno in libbacktrace/dwarf.c:3572,
,*string in libbacktrace/dwarf.c:2516,s in libbacktrace/dwarf.c:2502,,found in libbacktrace/dwarf.c:3562,ln in libbacktrace/dwarf.c:3567,
,p in libiberty/regex.c:4564,pattern in libiberty/regex.c:4564,,dir in libbacktrace/dwarf.c:3717;,s in libbacktrace/dwarf.c:3719,
,d in libiberty/regex.c:5570,match_end in libiberty/regex.c:5667,,dir in libbacktrace/dwarf.c:3717;,lineno in libbacktrace/dwarf.c:3572,
,p1 in libiberty/regex.c:5554,p in libiberty/regex.c:5577,,dir in libbacktrace/dwarf.c:3717;,ln in libbacktrace/dwarf.c:3567,
,p1 in libiberty/regex.c:7619,p in libiberty/regex.c:7615,,lineno in libbacktrace/dwarf.c:3572,ln in libbacktrace/dwarf.c:3567,
,p1 in libiberty/regex.c:7657,*p in libiberty/regex.c:7657,,pcount in libbacktrace/dwarf.c:2531,ppaths in libbacktrace/dwarf.c:2532,
,p1 in libiberty/regex.c:7657,*p in libiberty/regex.c:7730,,dir in libbacktrace/dwarf.c:2448;,s in libbacktrace/dwarf.c:2502,
,p in libiberty/regex.c:2318,pattern in libiberty/regex.c:2283,,string in libbacktrace/dwarf.c:2445,dir in libbacktrace/dwarf.c:2448;,
,pend in libiberty/regex.c:2319,pattern in libiberty/regex.c:2283,,b in libbacktrace/sort.c:46,a in libbacktrace/sort.c:46,
,prev in libiberty/regex.c:4292,p in libiberty/regex.c:4289,,loc in libiberty/regex.c:4233,op in libiberty/regex.c:4231,
,pfrom in libiberty/regex.c:4257,end in libiberty/regex.c:4255,,pto in libiberty/regex.c:4261,pfrom in libiberty/regex.c:4257,
,pto in libiberty/regex.c:4258,end in libiberty/regex.c:4255,,input in libiberty/argv.c:176,arg in libiberty/argv.c:178,
,pend in libiberty/cp-demangle.c:3810,suffix in libiberty/cp-demangle.c:3809,,arg in libiberty/concat.c:74,end in libiberty/concat.c:73,
,ptl in libiberty/cp-demangle.c:2912,tl in libiberty/cp-demangle.c:2911,,s1 in libiberty/filename_cmp.c:56,s2 in libiberty/filename_cmp.c:56,
,code in libiberty/cp-demangle.c:3383,op in libiberty/cp-demangle.c:3382,,s1 in libiberty/filename_cmp.c:114,s2 in libiberty/filename_cmp.c:114,
,p in libiberty/cp-demangle.c:3244,list in libiberty/cp-demangle.c:3243,,s1 in libiberty/filename_cmp.c:193,s2 in libiberty/filename_cmp.c:193,
,code in libiberty/cp-demangle.c:3279,op in libiberty/cp-demangle.c:3277,,prog_num in libiberty/make-relative-prefix.c:234,bin_num in libiberty/make-relative-prefix.c:234,
,pal in libiberty/cp-demangle.c:3164,al in libiberty/cp-demangle.c:3163,,prefix_num in libiberty/make-relative-prefix.c:234,bin_num in libiberty/make-relative-prefix.c:234,
,s in libiberty/cp-demangle.c:1773,name in libiberty/cp-demangle.c:1750,,prefix_num in libiberty/make-relative-prefix.c:234,prog_num in libiberty/make-relative-prefix.c:234,
,pstart in libiberty/cp-demangle.c:2737,pret in libiberty/cp-demangle.c:2735,,ns in gcc/attribs.c:126,v in gcc/vec.h:276,
,p in libiberty/cp-demangle.c:5809,name in libiberty/cp-demangle.c:5807,,str in gcc/attribs.c:52,slot in gcc/attribs.c:274,
,end in libiberty/cp-demangle.c:5810,name in libiberty/cp-demangle.c:5807,,comparable in gcc/hash-table.h:445,entry in gcc/hash-table.h:975,
,q in libiberty/cp-demangle.c:5821,p in libiberty/cp-demangle.c:5809,,comparable in gcc/hash-table.h:445,first_deleted_slot in gcc/hash-table.h:972,
,link in libiberty/cp-demangle.c:4565,scope in libiberty/cp-demangle.c:4564,,p in gcc/hash-table.h:814,slot in gcc/hash-table.h:738,
,scope in libiberty/cp-demangle.c:4564,container in libiberty/cp-demangle.c:4562,,p in gcc/hash-table.h:814,q in gcc/hash-table.h:821,
,code in libiberty/cp-demangle.c:5411,op in libiberty/cp-demangle.c:5389,,slot in gcc/hash-table.h:738,q in gcc/hash-table.h:821,
,code in libiberty/cp-demangle.c:3279,op in libiberty/cp-demangle.c:3277,,ns_str in gcc/attribs.c:303,str in gcc/attribs.c:52,
,dgs in libiberty/cp-demangle.c:4075,opaque in libiberty/cp-demangle.c:4073,,,,
,words in libiberty/md5.c:284,words in libiberty/md5.c:281,,,,
,buffer in libiberty/md5.c:206,buffer in libiberty/md5.c:206,,,,
,scan in libiberty/argv.c:106,vector in libiberty/argv.c:104,,,,
,arg in libiberty/argv.c:178,copybuf in libiberty/argv.c:179,,,,
,argv in libiberty/argv.c:185,nargv in libiberty/argv.c:186,,,,
,arg in libiberty/argv.c:309,argv in libiberty/argv.c:300,,,,
,original_argv in libiberty/argv.c:379,argcp in libiberty/argv.c:374,,,,
,filename in libiberty/argv.c:388,argcp in libiberty/argv.c:374,,,,
,arg in libiberty/concat.c:74,first in libiberty/concat.c:71,,,,
,end in libiberty/concat.c:73,dst in libiberty/concat.c:71,,,,
,arg in libiberty/concat.c:62,first in libiberty/concat.c:59,,,,
,str in libiberty/filename_cmp.c:166,s in libiberty/filename_cmp.c:163,,,,
,slot in libiberty/hashtab.c:485,htab in libiberty/hashtab.c:481,,,,
,slot in libiberty/hashtab.c:764,htab in libiberty/hashtab.c:762,,,,
,p in libiberty/hashtab.c:832,str in libiberty/hashtab.c:834,,,,
,k in libiberty/hashtab.c:927,k_in in libiberty/hashtab.c:922,,,,
,name in libiberty/lbasename.c:49,base in libiberty/lbasename.c:51,,,,
,name in libiberty/lbasename.c:61,base in libiberty/lbasename.c:63,,,,
,endp in libiberty/make-relative-prefix.c:252,temp in libiberty/make-relative-prefix.c:247,,,,
,temp in libiberty/make-relative-prefix.c:247,startp in libiberty/make-relative-prefix.c:252,,,,
,startp in libiberty/make-relative-prefix.c:252,endp in libiberty/make-relative-prefix.c:252,,,,
,nstore in libiberty/make-relative-prefix.c:252,alloc_ptr in libiberty/make-relative-prefix.c:238,,,,
,ret in libiberty/make-relative-prefix.c:237,ptr in libiberty/make-relative-prefix.c:237,,,,
,progname in libiberty/make-relative-prefix.c:230,nstore in libiberty/make-relative-prefix.c:252,,,,
,entry in gcc/hash-table.h:975,&m_entries in gcc/hash-table.h:975,,,,
,first_deleted_slot in gcc/hash-table.h:972,&m_entries in gcc/hash-table.h:980,,,,
,p in gcc/hash-table.h:814,oentries in gcc/hash-table.h:781,,,,
,m_entries in gcc/hash-table.h:808,nentries in gcc/hash-table.h:808,,,,
,m_size in gcc/hash-table.h:809,nsize in gcc/hash-table.h:790,,,,
,m_size_prime_index in gcc/hash-table.h:810,nindex in gcc/hash-table.h:789,,,,
,name in gcc/attribs.c:186,attribute_tables in gcc/attribs.c:186,,,,
,entry in gcc/hash-table.h:915,&m_entries in gcc/hash-table.h:915,,,,