correct,fn in init/main.c:1037,__initcall_start in init/main.c:1040,incorrect,p in arch/x86/kernel/head64.c:117,next_pgt_ptr in arch/x86/kernel/head64.c:126
,fn in init/main.c:996,initcall_levels in init/main.c:1006,,next_pgt_ptr in arch/x86/kernel/head64.c:126,mask_ptr in arch/x86/kernel/head64.c:123
,calltime in init/main.c:879,data in init/main.c:877,,p in arch/x86/kernel/head64.c:117,mask_ptr in arch/x86/kernel/head64.c:123
,calltime in init/main.c:888,data in init/main.c:886,,pgd_p in arch/x86/kernel/head64.c:285,pud_p in arch/x86/kernel/head64.c:287
,maj in init/do_mounts.c:251,name in init/do_mounts.c:222,,real_mode_data in arch/x86/kernel/head64.c:379,command_line in arch/x86/kernel/head64.c:381
,min in init/do_mounts.c:251,name in init/do_mounts.c:222,,p in ./include/linux/compiler.h:197,__regs in ./include/trace/events/initcall.h:27
,dummy in init/do_mounts.c:252,name in init/do_mounts.c:222,,p in ./include/linux/compiler.h:197,rctx in ./include/trace/events/initcall.h:27
,offset in init/do_mounts.c:251,name in init/do_mounts.c:222,,__regs in ./include/trace/events/initcall.h:27,rctx in ./include/trace/events/initcall.h:27
,c in init/do_mounts.c:124,slash in init/do_mounts.c:117,,str in init/main.c:229,newlevel in init/main.c:231
,offset in init/do_mounts.c:115,slash in init/do_mounts.c:117,,flags in ./arch/x86/include/asm/irqflags.h:22,p in ./include/linux/compiler.h:220
,p in init/do_mounts.c:408,fs_names in init/do_mounts.c:407,,command_line in init/main.c:577,flags in ./arch/x86/include/asm/irqflags.h:22
,s in init/do_mounts.c:361,p in init/do_mounts.c:371,,command_line in init/main.c:577,canary in ./arch/x86/include/asm/stackprotector.h:63
,str in init/do_mounts_md.c:54,md_setup_args in init/do_mounts.c:110,,flags in ./arch/x86/include/asm/irqflags.h:22,canary in ./arch/x86/include/asm/stackprotector.h:63
,minor in init/do_mounts_md.c:56,md_setup_args in init/do_mounts.c:112,,p in init/do_mounts.c:225,maj in init/do_mounts.c:251
,level in init/do_mounts_md.c:56,md_setup_args in init/do_mounts.c:91,,p in init/do_mounts.c:225,min in init/do_mounts.c:251
,s in init/do_mounts.c:361,page in init/do_mounts.c:359,,p in init/do_mounts.c:225,dummy in init/do_mounts.c:252
,p in init/initramfs.c:92,head in init/initramfs.c:93,,p in init/do_mounts.c:225,c in init/do_mounts.c:124
,*p in init/initramfs.c:86,q in init/initramfs.c:65,,p in init/do_mounts.c:225,offset in init/do_mounts.c:115
,pre_start in init/calibrate.c:37,start in init/calibrate.c:37,,p in ./include/linux/compiler.h:197,p in init/do_mounts.c:408
,end in init/calibrate.c:38,post_start in init/calibrate.c:37,,p in ./include/linux/compiler.h:197,fs_names in init/do_mounts.c:407
,pre_end in init/calibrate.c:38,end in init/calibrate.c:38,,root_dev in init/do_mounts.c:472,root_data in init/do_mounts.c:472
,p in ./include/linux/compiler.h:197,res in ./include/linux/compiler.c:197,,factor in init/do_mounts_md.c:56,str in init/do_mounts_md.c:54
,args in ./arch/x86/include/asm/syscall.h:114,regs in ./arch/x86/include/asm/syscall.h:113,,factor in init/do_mounts_md.c:56,minor in init/do_mounts_md.c:56
,ti in ./include/linux/thread_info.h:82,addr in ./include/asm-generic/bitops-instrumented.h:235,,factor in init/do_mounts_md.c:56,level in init/do_mounts_md.c:56
,p in ./include/linux/compiler.h:220,res in ./include/linux/compiler.h:220,,name in init/do_mounts.h:17,name in init/do_mounts.h:23
,x86_pmu in arch/x86/events/core.c:2176,val in arch/x86/events/core.c:2150,,name in init/do_mounts.h:17,p in init/do_mounts_md.c:141
,onln in arch/x86/events/amd/core.c:511,&cpuc in arch/x86/events/amd/core.c:511,,p in init/do_mounts_md.c:141,name in init/do_mounts.h:23
,allow_tsx_force_abort in arch/x86/events/intel/core.c:4356,val in arch/x86/events/intel/core.c:4345,,pre_start in init/calibrate.c:37,post_start in init/calibrate.c:37
,x86_pmu in arch/x86/events/intel/core.c:4311,val in arch/x86/events/intel/core.c:4296,,pre_start in init/calibrate.c:37,end in init/calibrate.c:38
,src in ./include/linux/bitmap.h:227,c1 in arch/x86/events/intel/core.c:3018,,pre_start in init/calibrate.c:37,post_end in init/calibrate.c:38
,dst in ./include/linux/bitmap.h:227,c2 in arch/x86/events/intel/core.c:3018,,start in init/calibrate.c:37,post_start in init/calibrate.c:37
,c2 in arch/x86/events/intel/core.c:3018,c1 in arch/x86/events/intel/core.c:3018,,start in init/calibrate.c:37,end in init/calibrate.c:38
,dst in ./include/linux/bitmap.h:227,src in ./include/linux/bitmap.h:227,,start in init/calibrate.c:37,post_end in init/calibrate.c:38
,nr in arch/x86/events/intel/core.c:3359,x86_pmuin arch/x86/events/intel/core.c:3383,,post_start in init/calibrate.c:37,post_end in init/calibrate.c:38
,ds in arch/x86/events/intel/ds.c:1787,cpuc in arch/x86/events/intel/ds.c:1786,,end in init/calibrate.c:38,post_end in init/calibrate.c:38
,ds in arch/x86/events/intel/ds.c:1902,cpuc in arch/x86/events/intel/ds.c:1901,,p in ./include/linux/compiler.h:197,__regs in ./include/trace/events/syscalls.h:44
,*eax in ./arch/x86/include/asm/processor.h:603,op in ./arch/x86/include/asm/processor.h:599,,p in ./include/linux/compiler.h:197,rctx in ./include/trace/events/syscalls.h:44
,*ecx in ./arch/x86/include/asm/processor.h:604,count in ./arch/x86/include/asm/processor.h:599,,p in ./include/linux/compiler.h:197,args in ./arch/x86/include/asm/syscall.h:114
,event in arch/x86/events/intel/pt.c:510,p in ./include/linux/compiler.h:220,,__regs in ./include/trace/events/syscalls.h:18,args in ./arch/x86/include/asm/syscall.h:114
,ctl in arch/x86/events/intel/pt.c:513,p in ./include/linux/compiler.h:220,,rctx in ./include/trace/events/syscalls.h:18,args in ./arch/x86/include/asm/syscall.h:114
,pt in arch/x86/events/intel/pt.c:1378,p in ./include/linux/compiler.h:220,,p in ./include/linux/compiler.h:197,__regs in ./include/trace/../../arch/x86/entry/vsyscall//vsyscall_trace.h:10
,pt in arch/x86/events/intel/pt.c:471,p in ./include/linux/compiler.h:197,,p in ./include/linux/compiler.h:197,rctx in ./include/trace/../../arch/x86/entry/vsyscall//vsyscall_trace.h:10
,pt in arch/x86/events/intel/pt.c:1307,p in ./include/linux/compiler.h:220,,p in ./include/linux/compiler.h:197,p in ./include/linux/compiler.h:220
,pt in arch/x86/events/intel/pt.c:513,p in ./include/linux/compiler.h:197,,p in ./include/linux/compiler.h:197,flags in ./arch/x86/include/asm/irqflags.h:22
,pt in arch/x86/events/intel/pt.c:1253,p in ./include/linux/compiler.h:197,,dst in ./include/linux/bitmap.h:215,p in ./include/linux/compiler.h:197
,uncore_pci_uncores in arch/x86/events/intel/uncore.c:1090,types in arch/x86/events/intel/uncore.c:936,,addr in ./include/asm-generic/bitops-instrumented.h:235,p in ./include/linux/compiler.h:197
,uncore_msr_uncores in arch/x86/events/intel/uncore.c:1328,types in arch/x86/events/intel/uncore.c:936,,addr in ./include/asm-generic/bitops-instrumented.h:235,buf in arch/x86/events/amd/ibs.c:578
,types in arch/x86/events/intel/uncore.c:1344,uncore_mmio_uncores in arch/x86/events/intel/uncore.c:1344,,p in ./include/linux/compiler.h:197,buf in arch/x86/events/amd/ibs.c:578
,uncore_msr_uncores in arch/x86/events/intel/uncore.c:1294/1295/1292,uncores in arch/x86/events/intel/uncore.c:1155,,addr in ./include/asm-generic/bitops-instrumented.h:141,p in ./include/linux/compiler.h:197
,uncore_msr_uncores in arch/x86/events/intel/uncore.c:1203,types in arch/x86/events/intel/uncore.c:1162,,p in ./include/linux/compiler.h:197,prev_raw_count in arch/x86/events/amd/iommu.c:289
,uncore_mmio_uncores in arch/x86/events/intel/uncore.c:1204,types in arch/x86/events/intel/uncore.c:1162,,p in ./include/linux/compiler.h:197,reg in arch/x86/events/amd/iommu.c:244
,types in arch/x86/events/intel/uncore.c:1313,uncore_msr_uncores in arch/x86/events/intel/uncore.c:1313,,prev_raw_count in arch/x86/events/amd/iommu.c:289,reg in arch/x86/events/amd/iommu.c:244
,addr in arch/x86/events/intel/uncore_snb.c:414,pci_dword in arch/x86/events/intel/uncore_snb.c:415,,reg in arch/x86/events/amd/iommu.c:272,count in arch/x86/events/amd/iommu.c:303
,config in arch/x86/events/intel/uncore_snbep.c:1304,val in include/linux/pci.h:1087,,reg in arch/x86/events/amd/iommu.c:272,p in ./include/linux/compiler.h:197
,config in arch/x86/events/intel/uncore_snbep.c:472,val in include/linux/pci.h:1087,,count in arch/x86/events/amd/iommu.c:303,p in ./include/linux/compiler.h:197
,config in arch/x86/events/intel/uncore_snbep.c:484,val in include/linux/pci.h:1087,,status in arch/x86/events/intel/core.c:2329,p in ./include/linux/compiler.h:220
,count in arch/x86/events/intel/uncore_snbep.c:512,val in include/linux/pci.h:1087,,eax in ./arch/x86/include/asm/processor.h:600,ecx in ./arch/x86/include/asm/processor.h:601
,count in arch/x86/events/intel/uncore_snbep.c:1758,val in include/linux/pci.h:1087,,eax in ./arch/x86/include/asm/processor.h:600,ebx in ./arch/x86/include/asm/processor.h:600
,capid4 in arch/x86/events/intel/uncore_snbep.c:2767,val in include/linux/pci.h:1087,,eax in ./arch/x86/include/asm/processor.h:600,edx in ./arch/x86/include/asm/processor.h:601
,init in arch/x86/events/intel/uncore_snbep.c:2670,SNBEP_PMON_BOX_CTL_INT in arch/x86/events/intel/uncore_snbep.c:2670,,ecx in ./arch/x86/include/asm/processor.h:601,ebx in ./arch/x86/include/asm/processor.h:600
,count in arch/x86/events/intel/uncore_snbep.c:2815,val in include/linux/pci.h:1087,,ecx in ./arch/x86/include/asm/processor.h:601,edx in ./arch/x86/include/asm/processor.h:601
,capid4 in arch/x86/events/intel/uncore_snbep.c:3146,val in include/linux/pci.h:1087,,ebx in ./arch/x86/include/asm/processor.h:600,edx in ./arch/x86/include/asm/processor.h:601
,val in arch/x86/events/intel/uncore_snbep.c:3770,val in include/linux/pci.h:1087,,types in arch/x86/events/intel/uncore.c:1344,types in arch/x86/events/intel/uncore.c:936
,pci_dword in arch/x86/events/intel/uncore_snbep.c:4412,val in include/linux/pci.h:1087,,types in arch/x86/events/intel/uncore.c:1208,types in arch/x86/events/intel/uncore.c:1247
,base in arch/x86/realmode/init.c:44,real_mode_header in arch/x86/realmode/init.c:53,,base in arch/x86/realmode/init.c:44,trampoline_pgd in arch/x86/realmode/init.c:49
,seg in arch/x86/realmode/init.c:73,base in arch/x86/realmode/init.c:44,,base in arch/x86/realmode/init.c:44,rel in arch/x86/realmode/init.c:42
,ptr in arch/x86/realmode/init.c:80,base in arch/x86/realmode/init.c:44,,seg in arch/x86/realmode/init.c:73,trampoline_pgd in arch/x86/realmode/init.c:49
,trampoline_pgd in arch/x86/realmode/init.c:49,real_mode_header in arch/x86/realmode/init.c:53,,seg in arch/x86/realmode/init.c:73,rel in arch/x86/realmode/init.c:42
,rel in arch/x86/realmode/init.c:42,real_mode_relocs in arch/x86/realmode/init.c:68,,ptr in arch/x86/realmode/init.c:80,trampoline_pgd in arch/x86/realmode/init.c:49
,sp in arch/x86/kernel/time.c:40,regs in arch/x86/kernel/time.c:32,,ptr in arch/x86/realmode/init.c:80,rel in arch/x86/realmode/init.c:42
,ret in arch/x86/kernel/setup.c:257,_brk_end in arch/x86/kernel/setup.c:265,,__mptr in arch/x86/kernel/process_64.c:384,addr in ./include/asm-generic/bitops-instrumented.h:235
,cmdline_p in arch/x86/kernel/setup.c:837,command_line in arch/x86/kernel/setup.c:973,,math_size in arch/x86/kernel/signal.c:244,buf_fx in arch/x86/kernel/signal.c:246
,ideal_nop in arch/x86/kernel/jump_label.c:44,ideal_nops in arch/x86/kernel/jump_label.c:44,,p in ./include/linux/compiler.h:197,__regs in ./arch/x86/kernel/../include/asm/trace/./irq_vectors.h:16
,expect in arch/x86/kernel/jump_label.c:45,ideal_nop in arch/x86/kernel/jump_label.c:44,,p in ./include/linux/compiler.h:197,rctx in ./arch/x86/kernel/../include/asm/trace/./irq_vectors.h:16
,*kobjp in arch/x86/kernel/ksysfs.c:230,kobj in arch/x86/kernel/ksysfs.c:214,,__regs in ./arch/x86/kernel/../include/asm/trace/./irq_vectors.h:16,rctx in ./arch/x86/kernel/../include/asm/trace/./irq_vectors.h:16
,data_attr in arch/x86/kernel/ksysfs.c:226,size in arch/x86/kernel/ksysfs.c:213,,p in ./include/linux/compiler.h:197,__regs in ./arch/x86/kernel/../include/asm/trace/./irq_vectors.h:318
,*size in arch/x86/kernel/ksysfs.c:103,data in arch/x86/kernel/ksysfs.c:103,,p in ./include/linux/compiler.h:197,rctx in ./arch/x86/kernel/../include/asm/trace/./irq_vectors.h:318
,pa_data in arch/x86/kernel/ksysfs.c:96,data in arch/x86/kernel/ksysfs.c:108,,__regs in ./arch/x86/kernel/../include/asm/trace/./irq_vectors.h:318,rctx in ./arch/x86/kernel/../include/asm/trace/./irq_vectors.h:318
,buf in arch/x86/kernel/ksysfs.c:32,&boot_params in arch/x86/kernel/ksysfs.c:32,,p in ./include/linux/compiler.h:197,__regs in ./arch/x86/kernel/../include/asm/trace/./irq_vectors.h:340
,k in arch/x86/kernel/e820.c:971,str in arch/x86/kernel/e820.c:971,,p in ./include/linux/compiler.h:197,rctx in ./arch/x86/kernel/../include/asm/trace/./irq_vectors.h:340
,oldp in arch/x86/kernel/e820.c:905,p in arch/x86/kernel/e820.c:903,,__regs in ./arch/x86/kernel/../include/asm/trace/./irq_vectors.h:340,rctx in ./arch/x86/kernel/../include/asm/trace/./irq_vectors.h:340
,ap in arch/x86/kernel/e820.c:293,*app in arch/x86/kernel/e820.c:293,,p in ./include/linux/compiler.h:197,__regs in ./arch/x86/kernel/../include/asm/trace/./irq_vectors.h:207
,bp in arch/x86/kernel/e820.c:293,*bpp in arch/x86/kernel/e820.c:293,,p in ./include/linux/compiler.h:197,rctx in ./arch/x86/kernel/../include/asm/trace/./irq_vectors.h:207
,app in arch/x86/kernel/e820.c:292,a in arch/x86/kernel/e820.c:290,,__regs in ./arch/x86/kernel/../include/asm/trace/./irq_vectors.h:207,rctx in ./arch/x86/kernel/../include/asm/trace/./irq_vectors.h:207
,bpp in arch/x86/kernel/e820.c:292,b in arch/x86/kernel/e820.c:290,,p in ./include/linux/compiler.h:197,__regs in ./arch/x86/kernel/../include/asm/trace/./irq_vectors.h:167
,pos in arch/x86/kernel/kdebugfs.c:34,*ppos in arch/x86/kernel/kdebugfs.c:34,,p in ./include/linux/compiler.h:197,rctx in ./arch/x86/kernel/../include/asm/trace/./irq_vectors.h:167
,node in arch/x86/kernel/kdebugfs.c:32,file in arch/x86/kernel/kdebugfs.c:29,,__regs in ./arch/x86/kernel/../include/asm/trace/./irq_vectors.h:167,rctx in ./arch/x86/kernel/../include/asm/trace/./irq_vectors.h:167
,insns in arch/x86/kernel/alternative.c:256,ideal_nops in arch/x86/kernel/alternative.c:262,,p in ./include/linux/compiler.h:197,__regs in ./arch/x86/kernel/../include/asm/trace/./irq_vectors.h:362
,noplen in arch/x86/kernel/alternative.c:259,len in arch/x86/kernel/alternative.c:256,,p in ./include/linux/compiler.h:197,rctx in ./arch/x86/kernel/../include/asm/trace/./irq_vectors.h:362
,replacement in arch/x86/kernel/alternative.c:373,&a in arch/x86/kernel/alternative.c:390,,__regs in ./arch/x86/kernel/../include/asm/trace/./irq_vectors.h:362,rctx in ./arch/x86/kernel/../include/asm/trace/./irq_vectors.h:167
,instr in arch/x86/kernel/alternative.c:373,&a in arch/x86/kernel/alternative.c:389,,p in ./include/linux/compiler.h:197,__regs in ./arch/x86/kernel/../include/asm/trace/./irq_vectors.h:141
,o_dspl in arch/x86/kernel/alternative.c:284,insn_buff in arch/x86/kernel/alternative.c:281,,p in ./include/linux/compiler.h:197,rctx in ./arch/x86/kernel/../include/asm/trace/./irq_vectors.h:141
,insn_buff in arch/x86/kernel/alternative.c:374,replacement in arch/x86/kernel/alternative.c:373,,__regs in ./arch/x86/kernel/../include/asm/trace/./irq_vectors.h:141,rctx in ./arch/x86/kernel/../include/asm/trace/./irq_vectors.h:141
,addr in arch/x86/kernel/alternative.c:759,opcode in arch/x86/kernel/alternative.c:759,,p in ./include/linux/compiler.h:197,__regs in ./arch/x86/kernel/../include/asm/trace/./irq_vectors.h:260
,poff in arch/x86/kernel/alternative.c:459,start in arch/x86/kernel/alternative.c:456,,p in ./include/linux/compiler.h:197,rctx in ./arch/x86/kernel/../include/asm/trace/./irq_vectors.h:260
,ptr in arch/x86/kernel/alternative.c:462,poff in arch/x86/kernel/alternative.c:459,,__regs in ./arch/x86/kernel/../include/asm/trace/./irq_vectors.h:260,rctx in ./arch/x86/kernel/../include/asm/trace/./irq_vectors.h:260
,ptr in arch/x86/kernel/alternative.c:446,poff in arch/x86/kernel/alternative.c:443,,p in ./include/linux/compiler.h:197,__regs in ./arch/x86/kernel/../include/asm/trace/./irq_vectors.h:234
,poff in arch/x86/kernel/alternative.c:571,mod in arch/x86/kernel/alternative.c:570,,p in ./include/linux/compiler.h:197,rctx in ./arch/x86/kernel/../include/asm/trace/./irq_vectors.h:234
,bp_patching in arch/x86/kernel/alternative.c:1036,tp in arch/x86/kernel/alternative.c:1028,,__regs in ./arch/x86/kernel/../include/asm/trace/./irq_vectors.h:234,rctx in ./arch/x86/kernel/../include/asm/trace/./irq_vectors.h:234
,bp_patching in arch/x86/kernel/alternative.c:1037,nr_entries in arch/x86/kernel/alternative.c:1028,,p in ./include/linux/compiler.h:197,__regs in ./arch/x86/kernel/../include/asm/trace/./irq_vectors.h:283
,tp in arch/x86/kernel/alternative.c:1104,handler in arch/x86/kernel/alternative.c:1101,,p in ./include/linux/compiler.h:197,rctx in ./arch/x86/kernel/../include/asm/trace/./irq_vectors.h:283
,tp in arch/x86/kernel/alternative.c:1105,addr in arch/x86/kernel/alternative.c:1101,,__regs in ./arch/x86/kernel/../include/asm/trace/./irq_vectors.h:283,rctx in ./arch/x86/kernel/../include/asm/trace/./irq_vectors.h:283
,tp in arach/x86/kernel/alternative.c:1106,len in arch/x86/kernel/alternative.c:1101,,visit_mask in arch/x86/kernel/dumpstack.c:167,stack in arch/x86/kernel/dumpstack.c:163
,tp in arach/x86/kernel/alternative.c:1114,opcode in arch/x86/kernel/alternative.c:1101,,p in ./include/linux/compiler.h:197,__regs in ./include/trace/events/nmi.h:11
,*slot in arch/x86/kernel/hw_breakpoint.c:104,bp in arch/x86/kernel/hw_breakpoint.c:94,,p in ./include/linux/compiler.h:197,rctx in ./include/trace/events/nmi.h:11
,*slot in arch/x86/kernel/hw_breakpoint.c:143,bp in arch/x86/kernel/hw_breakpoint.c:134,,__regs in ./include/trace/events/nmi.h:11,rctx in ./include/trace/events/nmi.h:11
,*gen_len in arch/x86/kernel/hw_breakpoint.c:206,len in arch/x86/kernel/hw_breakpoint.c:181,,to in ./include/linux/uaccess.h:141,p in ./include/linux/compiler.h:220
,dr6 in arch/x86/kernel/hw_breakpoint.c:442,*dr6_p in arch/x86/kernel/hw_breakpoint.c:447,,crash_size in arch/x86/kernel/setup.c:531,crash_base in arch/x86/kernel/setup.c:531
,fsw in arch/x86/kernel/fpu/init.c:56,fcw in arch/x86/kernel/fpu/init.c:56,,offset in arch/x86/kernel/probe_roms.c:121,vendor in arch/x86/kernel/probe_roms.c:121
,argptr in arch/x86/kernel/fpu/init.c:246,arg in arch/x86/kernel/fpu/init.c:245,,offset in arch/x86/kernel/probe_roms.c:121,device in arch/x86/kernel/probe_roms.c:121
,data in ./include/linux/regset.h:256,*kbuf in ./include/linux/regset.h:267,,offset in arch/x86/kernel/probe_roms.c:121,rev in arch/x86/kernel/probe_roms.c:121
,fpu in arch/x86/kernel/fpu/regset.c:33,&target in arch/x86/kernel/fpu/regset.c:33,,offset in arch/x86/kernel/probe_roms.c:121,list in arch/x86/kernel/probe_roms.c:121
,fpu in arch/x86/kernel/fpu/regset.c:49,&target in arch/x86/kernel/fpu/regset.c:49,,offset in arch/x86/kernel/probe_roms.c:121,device in arch/x86/kernel/probe_roms.c:99
,data in ./include/linux/regset.h:281,*kbuf in ./include/linux/regset.h:292,,vendor in arch/x86/kernel/probe_roms.c:121,device in arch/x86/kernel/probe_roms.c:121
,fpu in arch/x86/kernel/fpu/regset.c:80,&target in arch/x86/kernel/fpu/regset.c:80,,vendor in arch/x86/kernel/probe_roms.c:121,rev in arch/x86/kernel/probe_roms.c:121
,xsave in arch/x86/kernel/fpu/regset.c:81,&fpu in arch/x86/kernel/fpu/regset.c:87,,vendor in arch/x86/kernel/probe_roms.c:121,list in arch/x86/kernel/probe_roms.c:121
,&xsave in arch/x86/kernel/fpu/regset.c:103,xstate_fx_sw_bytes in arch/x86/kernel/fpu/regset.c:103,,vendor in arch/x86/kernel/probe_roms.c:121,device in arch/x86/kernel/probe_roms.c:99
,fpu in arch/x86/kernel/fpu/regset.c:117,&target in arch/x86/kernel/fpu/regset.c:117,,device in arch/x86/kernel/probe_roms.c:121,rev in arch/x86/kernel/probe_roms.c:121
,xsave in arch/x86/kernel/fpu/regset.c:118,&fpu in arch/x86/kernel/fpu/regset.c:130,,device in arch/x86/kernel/probe_roms.c:121,list in arch/x86/kernel/probe_roms.c:121
,fpu in arch/x86/kernel/fpu/regset.c:299,&target in arch/x86/kernel/fpu/regset.c:299,,device in arch/x86/kernel/probe_roms.c:121,device in arch/x86/kernel/probe_roms.c:99
,fpu in arch/x86/kernel/fpu/regset.c:328,&target in arch/x86/kernel/fpu/regset.c:328,,rev in arch/x86/kernel/probe_roms.c:121,list in arch/x86/kernel/probe_roms.c:121
,*buf_fx in arch/x86/kernel/fpu/signal.c:442,sp in arch/x86/kernel/fpu/signal.c:437,,rev in arch/x86/kernel/probe_roms.c:121,device in arch/x86/kernel/probe_roms.c:99
,*size in arch/x86/kernel/fpu/signal.c:448,frame_size in arch/x86/kernel/fpu/signal.c:440,,list in arch/x86/kernel/probe_roms.c:121,device in arch/x86/kernel/probe_roms.c:99
,*feature_name in arch/x86/kernel/fpu/xstate.c:100,xfeature_names in arch/x86/kernel/fpu/xstate.c:100,,c in arch/x86/kernel/probe_roms.c:202,sig in arch/x86/kernel/probe_roms.c:184
,src in arch/x86/kernel/fpu/xstate.c:1009,data in arch/x86/kernel/fpu/xstate.c:960,,size in arch/x86/kernel/ksysfs.c:213,var is kobjp in arch/x86/kernel/ksysfs.c:210
,dst in arch/x86/kernel/fpu/xstate.c:1152,kbuf in arch/x86/kernel/fpu/xstate.c:1134,,nr in arch/x86/kernel/ksysfs.c:144,buf in arch/x86/kernel/ksysfs.c:141
,&hdr in arch/x86/kernel/fpu/xstate.c:1143,kbuf in arch/x86/kernel/fpu/xstate.c:1134,,app in arch/x86/kernel/e820.c:292,bpp in arch/x86/kernel/e820.c:292
,&xsave in arch/x86/kernel/fpu/xstate.c:1163,kbuf in arch/x86/kernel/fpu/xstate.c:1134,,gapsize in arch/x86/kernel/e820.c:645,gapstart in arch/x86/kernel/e820.c:645
,hdr in arch/x86/kernel/fpu/xstate.c:1191,to in ./include/linux/uaccess.h:67,,gapsize in arch/x86/kernel/e820.c:606,gapstart in arch/x86/kernel/e820.c:606
,offset in arch/x86/kernel/fpu/xstate.c:1208,xstate_offsets in arch/x86/kernel/fpu/xstate.c:1208,,capid0 in arch/x86/kernel/quirks.c:649,capid5 in arch/x86/kernel/quirks.c:649
,size in arch/x86/kernel/fpu/xstate.c:1209,xstate_sizes in arch/x86/kernel/fpu/xstate.c:1209,,config in arch/x86/kernel/quirks.c:16,word in arch/x86/kernel/quirks.c:17
,attr in arch/x86/kernel/ptrace.c:515,bp_len in arch/x86/kernel/ptrace.c:518,,d in arch/x86/kernel/quirks.c:361,b in arch/x86/kernel/quirks.c:362
,attr in arch/x86/kernel/ptrace.c:515,bp_type in arch/x86/kernel/ptrace.c:518,,d in arch/x86/kernel/quirks.c:361,d in arch/x86/kernel/quirks.c:381
,attr in arch/x86/kernel/ptrace.c:515,disabled in arch/x86/kernel/ptrace.c:516,,d in arch/x86/kernel/quirks.c:361,val in arch/x86/kernel/quirks.c:381
,bp in arch/x86/kernel/ptrace.c:579,thread in arch/x86/kernel/ptrace.c:579,,b in arch/x86/kernel/quirks.c:362,d in arch/x86/kernel/quirks.c:381
,ret in arch/x86/kernel/ptrace.c:569,rc in arch/x86/kernel/ptrace.c:569,,b in arch/x86/kernel/quirks.c:362,val in arch/x86/kernel/quirks.c:381
,data in arch/x86/kernel/ptrace.c:564,old_dr7 in arch/x86/kernel/ptrace.c:567,,d in arch/x86/kernel/quirks.c:381,val in arch/x86/kernel/quirks.c:381
,k in arch/x86/kernel/ptrace.c:1023,kbuf in arch/x86/kernel/ptrace.c:1019,,gen_cntl in arch/x86/kernel/quirks.c:190,val in arch/x86/kernel/quirks.c:286
,k in arch/x86/kernel/ptrace.c:428,kbuf in arch/x86/kernel/ptrace.c:425,,insn_buff in arch/x86/kernel/alternative.c:281,insns in arch/x86/kernel/alternative.c:256
,k in arch/x86/kernel/ptrace.c:454,kbuf in arch/x86/kernel/ptrace.c:450,,insn_buff in arch/x86/kernel/alternative.c:281,replacement in arch/x86/kernel/alternative.c:373
,desc in ./arch/x86/include/asm/desc.h:106,ptr in ./arch/x86/include/asm/desc.h:104,,insn_buff in arch/x86/kernel/alternative.c:281,instr in arch/x86/kernel/alternative.c:373
,nb in arch/x86/kernel/cpu/cacheinfo.c:441,this_leaf in arch/x86/kernel/cpu/cacheinfo.c:435,,insn_buff in arch/x86/kernel/alternative.c:281,flags in ./arch/x86/include/asm/irqflags.h:22
,*eax in ./arch/x86/include/asm/processor.h:593,op in ./arch/x86/include/asm/processor.h:589,,insns in arch/x86/kernel/alternative.c:256,replacement in arch/x86/kernel/alternative.c:373
,dp in arch/x86/kernel/cpu/cacheinfo.c:785,regs in arch/x86/kernel/cpu/cacheinfo.c:784,,insns in arch/x86/kernel/alternative.c:256,instr in arch/x86/kernel/alternative.c:373
,l1 in arch/x86/kernel/cpu/cacheinfo.c:239,&l1d in arch/x86/kernel/cpu/cacheinfo.c:239,,insns in arch/x86/kernel/alternative.c:256,flags in ./arch/x86/include/asm/irqflags.h:22
,cb in arch/x86/kernel/cpu/scattered.c:51,cpuid_bits in arch/x86/kernel/cpu/scattered.c:51,,replacement in arch/x86/kernel/alternative.c:373,instr in arch/x86/kernel/alternative.c:373
,v in arch/x86/kernel/cpu/common.c:775,c in arch/x86/kernel/cpu/common.c:773,,replacement in arch/x86/kernel/alternative.c:373,flags in ./arch/x86/include/asm/irqflags.h:22
,c in arch/x86/kernel/cpu/common.c:773,this_cpu in arch/x86/kernel/cpu/common.c:787,,instr in arch/x86/kernel/alternative.c:373,flags in ./arch/x86/include/asm/irqflags.h:22
,this_cpu in arch/x86/kernel/cpu/common.c:796,&default_cpu in arch/x86/kernel/cpu/common.c:796,,flags in ./arch/x86/include/asm/irqflags.h:22,insns in arch/x86/kernel/alternative.c:256
,d in arch/x86/kernel/cpu/cpuid-deps.c:95,cpuid_deps in arch/x86/kernel/cpu/cpuid-deps.c:110,,addr in arch/x86/kernel/alternative.c:759,flags in ./arch/x86/include/asm/irqflags.h:22
,c in arch/x86/kernel/cpu/proc.c:59,v in arch/x86/kernel/cpu/proc.c:57,,opcode in arch/x86/kernel/alternative.c:759,flags in ./arch/x86/include/asm/irqflags.h:22
,desc in arch/x86/kernel/cpu/intel.c:940,regs in arch/x86/kernel/cpu/intel.c:939,,poff in arch/x86/kernel/alternative.c:459,opcode in arch/x86/kernel/alternative.c:908
,cpu in arch/x86/kernel/cpu/intel_epb.c:139,dev in arch/x86/kernel/cpu/intel_epb.c:135,,ptr in arch/x86/kernel/alternative.c:462,opcode in arch/x86/kernel/alternative.c:908
,cfg in arch/x86/kernel/cpu/mce/core.c:1943,&mca_cfg in arch/x86/kernel/cpu/mce/core.c:1943,,addr in ./include/asm-generic/bitops-instrumented.h:235,opcode in arch/x86/kernel/alternative.c:788
,*val in arch/x86/kernel/cpu/mce/core.c:2505,fake_panic in arch/x86/kernel/cpu/mce/core.c:2505,,addr in ./include/asm-generic/bitops-instrumented.h:235,addr in arch/x86/kernel/alternative.c:788
,fake_panic in arch/x86/kernel/cpu/mce/core.c:2512,val in arch/x86/kernel/cpu/mce/core.c:2509,,flags in ./arch/x86/include/asm/irqflags.h:22,opcode in arch/x86/kernel/alternative.c:788
,b in arch/x86/kernel/cpu/mce/core.c:2131,new in arch/x86/kernel/cpu/mce/core.c:2132,,flags in ./arch/x86/include/asm/irqflags.h:22,addr in arch/x86/kernel/alternative.c:788
,cfg in arch/x86/kernel/cpu/mce/core.c:1222,&mca_cfg in arch/x86/kernel/cpu/mce/core.c:1222,,opcode in arch/x86/kernel/alternative.c:788,addr in arch/x86/kernel/alternative.c:788
,*final in arch/x86/kernel/cpu/mce/core.c:1263,m in arch/x86/kernel/cpu/mce/core.c:1225,,opcode in arch/x86/kernel/alternative.c:788,p in ./include/linux/compiler.h:220
,msg in arch/x86/kernel/cpu/mce/core.c:895,nmsg in arch/x86/kernel/cpu/mce/core.c:896,,addr in arch/x86/kernel/alternative.c:788,p in ./include/linux/compiler.h:220
,global_worstsg in arch/x86/kernel/cpu/mce/core.c:894,severity in arch/x86/kernel/cpu/mce/core.c:904,,poff in arch/x86/kernel/alternative.c:443,opcode in arch/x86/kernel/alternative.c:908
,*msg in arch/x86/kernel/cpu/mce/core.c:820,tmp in arch/x86/kernel/cpu/mce/core.c:805,,ptr in arch/x86/kernel/alternative.c:446,opcode in arch/x86/kernel/alternative.c:908
,m in arch/x86/kernel/cpu/mce/core.c:802,tmp in arch/x86/kernel/cpu/mce/core.c:805,,len in arch/x86/kernel/hw_breakpoint.c:75,type in arch/x86/kernel/hw_breakpoint.c:75
,cfg in arch/x86/kernel/cpu/mce/core.c:1143,&mca_cfg in arch/x86/kernel/cpu/mce/core.c:1143,,slot in arch/x86/kernel/hw_breakpoint.c:101,dr7 in arch/x86/kernel/hw_breakpoint.c:97
,*final in arch/x86/kernel/cpu/mce/core.c:1197,*m in arch/x86/kernel/cpu/mce/core.c:1197,,slot in arch/x86/kernel/hw_breakpoint.c:141,dr7 in arch/x86/kernel/hw_breakpoint.c:137
,*worst in arch/x86/kernel/cpu/mce/core.c:1198,severity in arch/x86/kernel/cpu/mce/core.c:1144,,gen_type in arch/x86/kernel/hw_breakpoint.c:179,gen_len in arch/x86/kernel/hw_breakpoint.c:179
,bank in arch/x86/kernel/cpu/mce/core.c:1909,*arg in arch/x86/kernel/cpu/mce/core.c:1909,,ref_stop in arch/x86/kernel/tsc.c:1294,flags in ./arch/x86/include/asm/irqflags.h:22
,*msg in arch/x86/kernel/cpu/mce/severity.c:324,s in arch/x86/kernel/cpu/mce/severity.c:308,,flags in ./arch/x86/include/asm/irqflags.h:22,ref1 in arch/x86/kernel/tsc.c:711
,*sys_addr in arch/x86/kernel/cpu/mce/amd.c:854,ret_addr in arch/x86/kernel/cpu/mce/amd.c:666,,flags in ./arch/x86/include/asm/irqflags.h:22,ref2 in arch/x86/kernel/tsc.c:711
,ret_addr in arch/x86/kernel/cpu/mce/amd.c:666,norm_addr in arch/x86/kernel/cpu/mce/amd.c:662,,ref1 in arch/x86/kernel/tsc.c:711,ref2 in arch/x86/kernel/tsc.c:711
,tr in arch/x86/kernel/cpu/mce/amd.c:1058,b in arch/x86/kernel/cpu/mce/amd.c:1056,,argptr in arch/x86/kernel/fpu/init.c:246,bit in arch/x86/kernel/fpu/init.c:247
,tr in arch/x86/kernel/cpu/mce/amd.c:1080,b in arch/x86/kernel/cpu/mce/amd.c:1078,,p in ./include/linux/compiler.h:197,__regs in ./arch/x86/include/asm/trace//fpu.h:10
,b in arch/x86/kernel/cpu/mce/amd.c:1078,new in arch/x86/kernel/cpu/mce/amd.c:1081,,p in ./include/linux/compiler.h:197,rctx in ./arch/x86/include/asm/trace//fpu.h:10
,gentry in arch/x86/kernel/cpu/mtrr/if.c:165,type in arch/x86/kernel/cpu/mtrr/if.c:161,,addr in ./include/asm-generic/bitops-instrumented.h:235,__regs in ./arch/x86/include/asm/trace//fpu.h:10
,gentry in arch/x86/kernel/cpu/mtrr/if.c:165,base in arch/x86/kernel/cpu/mtrr/if.c:162,,addr in ./include/asm-generic/bitops-instrumented.h:235,rctx in ./arch/x86/include/asm/trace//fpu.h:10
,gentry in arch/x86/kernel/cpu/mtrr/if.c:165,size in arch/x86/kernel/cpu/mtrr/if.c:163,,pos in arch/x86/kernel/fpu/regset.c:296,count in arch/x86/kernel/fpu/regset.c:296
,saved in arch/x86/kernel/cpu/mtrr/generic.c:639,frs in arch/x86/kernel/cpu/mtrr/generic.c:637,,pos in arch/x86/kernel/fpu/regset.c:296,ubuf in arch/x86/kernel/fpu/regset.c:297
,mask in arch/x86/kernel/cpu/mtrr/generic.c:584,tmp in arch/x86/kernel/cpu/mtrr/generic.c:584,,count in arch/x86/kernel/fpu/regset.c:296,ubuf in arch/x86/kernel/fpu/regset.c:297
,start in arch/x86/kernel/cpu/mtrr/generic.c:258,partial_end in arch/x86/kernel/cpu/mtrr/generic.c:262,,count in ./include/linux/regset.h:254,pos in ./include/linux/regset.h:254
,prev_type in arch/x86/kernel/cpu/mtrr/generic.c:260,type in arch/x86/kernel/cpu/mtrr/generic.c:260,,count in ./include/linux/regset.h:254,kbuf in ./include/linux/regset.h:255
,*uniform in arch/x86/kernel/cpu/mtrr/generic.c:310,is_uniform in arch/x86/kernel/cpu/mtrr/generic.c:260,,count in ./include/linux/regset.h:254,data in ./include/linux/regset.h:256
,vr in arch/x86/kernel/cpu/mtrr/generic.c:326,mtrr_state in arch/x86/kernel/cpu/mtrr/generic.c:328,,count in ./include/linux/regset.h:254,ubuf in ./include/linux/regset.h:256
,vr in arch/x86/kernel/cpu/mtrr/generic.c:326,base_lo in arch/x86/kernel/cpu/mtrr/generic.c:324,,pos in ./include/linux/regset.h:254,kbuf in ./include/linux/regset.h:255
,vr in arch/x86/kernel/cpu/mtrr/generic.c:326,base_hi in arch/x86/kernel/cpu/mtrr/generic.c:324,,pos in ./include/linux/regset.h:254,data in ./include/linux/regset.h:256
,vr in arch/x86/kernel/cpu/mtrr/generic.c:326,mask_lo in arch/x86/kernel/cpu/mtrr/generic.c:324,,pos in ./include/linux/regset.h:254,ubuf in ./include/linux/regset.h:256
,vr in arch/x86/kernel/cpu/mtrr/generic.c:326,mask_hi in arch/x86/kernel/cpu/mtrr/generic.c:324,,kbuf in ./include/linux/regset.h:255,ubuf in ./include/linux/regset.h:256
,p in arch/x86/kernel/cpu/mtrr/generic.c:338,frs in arch/x86/kernel/cpu/mtrr/generic.c:336,,data in ./include/linux/regset.h:256,ubuf in ./include/linux/regset.h:256
,last_fixed_start in arch/x86/kernel/cpu/mtrr/generic.c:375,base in arch/x86/kernel/cpu/mtrr/generic.c:372,,pos in arch/x86/kernel/fpu/regset.c:30,count in arch/x86/kernel/fpu/regset.c:30
,last_fixed_end in arch/x86/kernel/cpu/mtrr/generic.c:376,end in arch/x86/kernel/cpu/mtrr/generic.c:372,,pos in arch/x86/kernel/fpu/regset.c:30,kbuf in arch/x86/kernel/fpu/regset.c:31
,last_fixed_type in arch/x86/kernel/cpu/mtrr/generic.c:377,type in arch/x86/kernel/cpu/mtrr/generic.c:373,,pos in arch/x86/kernel/fpu/regset.c:30,ubuf in arch/x86/kernel/fpu/regset.c:31
,prev_match in arch/x86/kernel/cpu/mtrr/generic.c:165,curr_match in arch/x86/kernel/cpu/mtrr/generic.c:165,,count in arch/x86/kernel/fpu/regset.c:30,kbuf in arch/x86/kernel/fpu/regset.c:31
,*partial_end in arch/x86/kernel/cpu/mtrr/generic.c:214,base in arch/x86/kernel/cpu/mtrr/generic.c:164,,count in arch/x86/kernel/fpu/regset.c:30,ubuf in arch/x86/kernel/fpu/regset.c:31
,prev_type in arch/x86/kernel/cpu/mtrr/generic.c:260,type in arch/x86/kernel/cpu/mtrr/generic.c:260,,kbuf in arch/x86/kernel/fpu/regset.c:31,ubuf in arch/x86/kernel/fpu/regset.c:31
,start in arch/x86/kernel/cpu/mtrr/generic.c:258,partial_end in arch/x86/kernel/cpu/mtrr/generic.c:262,,pos in arch/x86/kernel/fpu/regset.c:46,count in arch/x86/kernel/fpu/regset.c:46
,*uniform in arch/x86/kernel/cpu/mtrr/generic.c:310,is_uniform in arch/x86/kernel/cpu/mtrr/generic.c:260,,pos in arch/x86/kernel/fpu/regset.c:46,kbuf in arch/x86/kernel/fpu/regset.c:47
,range_state in arch/x86/kernel/cpu/mtrr/generic.c:901,base in arch/x86/kernel/cpu/mtrr/cleanup.c:879,,pos in arch/x86/kernel/fpu/regset.c:46,ubuf in arch/x86/kernel/fpu/regset.c:47
,range_state in arch/x86/kernel/cpu/mtrr/generic.c:902,size in arch/x86/kernel/cpu/mtrr/cleanup.c:879,,count in arch/x86/kernel/fpu/regset.c:46,kbuf in arch/x86/kernel/fpu/regset.c:47
,range_state in arch/x86/kernel/cpu/mtrr/generic.c:903,type in arch/x86/kernel/cpu/mtrr/cleanup.c:880,,count in arch/x86/kernel/fpu/regset.c:46,ubuf in arch/x86/kernel/fpu/regset.c:47
,err in arch/x86/kernel/cpu/microcode/core.c:382,arg in arch/x86/kernel/cpu/microcode/core.c:380,,kbuf in arch/x86/kernel/fpu/regset.c:47,ubuf in arch/x86/kernel/fpu/regset.c:47
,bsp in arch/x86/kernel/cpu/microcode/core.c:618,boot_cpu_data in arch/x86/kernel/cpu/microcode/core.c:618,,count in ./include/linux/regset.h:279,pos in ./include/linux/regset.h:279
,ret in arch/x86/kernel/cpu/microcode/core.c:620,size in arch/x86/kernel/cpu/microcode/core.c:615,,count in ./include/linux/regset.h:279,kbuf in ./include/linux/regset.h:280
,mc_hdr in arch/x86/kernel/cpu/microcode/intel.c:95,mc in arch/x86/kernel/cpu/microcode/intel.c:93,,count in ./include/linux/regset.h:279,data in ./include/linux/regset.h:281
,ext_sigcount in arch/x86/kernel/cpu/microcode/intel.c:119,ext_header in arch/x86/kernel/cpu/microcode/intel.c:115,,count in ./include/linux/regset.h:279,ubuf in ./include/linux/regset.h:281
,mc_hdr in arch/x86/kernel/cpu/microcode/intel.c:169,data in arch/x86/kernel/cpu/microcode/intel.c:167,,pos in ./include/linux/regset.h:279,kbuf in ./include/linux/regset.h:280
,intel_ucode_patch in arch/x86/kernel/cpu/microcode/intel.c:221,p in arch/x86/kernel/cpu/microcode/intel.c:170,,pos in ./include/linux/regset.h:279,data in ./include/linux/regset.h:281
,mc_header in arch/x86/kernel/cpu/microcode/intel.c:227,mc in arch/x86/kernel/cpu/microcode/intel.c:224,,pos in ./include/linux/regset.h:279,ubuf in ./include/linux/regset.h:281
,ext_sigcount in arch/x86/kernel/cpu/microcode/intel.c:229,ext_header in arch/x86/kernel/cpu/microcode/intel.c:228,,kbuf in ./include/linux/regset.h:280,ubuf in ./include/linux/regset.h:281
,phdr in arch/x86/kernel/cpu/microcode/intel.c:366,&patch in arch/x86/kernel/cpu/microcode/intel.c:366,,data in ./include/linux/regset.h:281,ubuf in ./include/linux/regset.h:281
,patch in arch/x86/kernel/cpu/microcode/intel.c:330,data in arch/x86/kernel/cpu/microcode/intel.c:327,,pos in arch/x86/kernel/fpu/regset.c:77,count in arch/x86/kernel/fpu/regset.c:77
,mc_header in arch/x86/kernel/cpu/microcode/intel.c:329,data in arch/x86/kernel/cpu/microcode/intel.c:327,,pos in arch/x86/kernel/fpu/regset.c:77,kbuf in arch/x86/kernel/fpu/regset.c:78
,csig in arch/x86/kernel/cpu/microcode/intel.c:392,eax in arch/x86/kernel/cpu/microcode/intel.c:393,,pos in arch/x86/kernel/fpu/regset.c:77,ubuf in arch/x86/kernel/fpu/regset.c:78
,uci in arch/x86/kernel/cpu/microcode/intel.c:388,csig in arch/x86/kernel/cpu/microcode/intel.c:392,,count in arch/x86/kernel/fpu/regset.c:77,kbuf in arch/x86/kernel/fpu/regset.c:78
,sig in arch/x86/kernel/cpu/microcode/intel.c:423,uci in arch/x86/kernel/cpu/microcode/intel.c:424,,count in arch/x86/kernel/fpu/regset.c:77,ubuf in arch/x86/kernel/fpu/regset.c:78
,pf in arch/x86/kernel/cpu/microcode/intel.c:423,uci in arch/x86/kernel/cpu/microcode/intel.c:424,,kbuf in arch/x86/kernel/fpu/regset.c:78,ubuf in arch/x86/kernel/fpu/regset.c:78
,rev in arch/x86/kernel/cpu/microcode/intel.c:423,uci in arch/x86/kernel/cpu/microcode/intel.c:424,,pos in arch/x86/kernel/fpu/regset.c:114,count in arch/x86/kernel/fpu/regset.c:114
,sig in arch/x86/kernel/cpu/microcode/intel.c:423,mc_saved_header in arch/x86/kernel/cpu/microcode/intel.c:447,,pos in arch/x86/kernel/fpu/regset.c:114,kbuf in arch/x86/kernel/fpu/regset.c:115
,pf in arch/x86/kernel/cpu/microcode/intel.c:423,mc_saved_header in arch/x86/kernel/cpu/microcode/intel.c:448,,pos in arch/x86/kernel/fpu/regset.c:114,ubuf in arch/x86/kernel/fpu/regset.c:115
,rev in arch/x86/kernel/cpu/microcode/intel.c:423,mc_saved_header in arch/x86/kernel/cpu/microcode/intel.c:449,,count in arch/x86/kernel/fpu/regset.c:114,kbuf in arch/x86/kernel/fpu/regset.c:115
,date in arch/x86/kernel/cpu/microcode/intel.c:423,mc_saved_header in arch/x86/kernel/cpu/microcode/intel.c:450,,count in arch/x86/kernel/fpu/regset.c:114,ubuf in arch/x86/kernel/fpu/regset.c:115
,ext_sigcount in arch/x86/kernel/cpu/microcode/intel.c:443,ext_header in arch/x86/kernel/cpu/microcode/intel.c:441,,kbuf in arch/x86/kernel/fpu/regset.c:115,ubuf in arch/x86/kernel/fpu/regset.c:115
,kvec in arch/x86/kernel/cpu/microcode/intel.c:975,firmware in arch/x86/kernel/cpu/microcode/intel.c:972,,pos in arch/x86/kernel/fpu/regset.c:296,count in arch/x86/kernel/fpu/regset.c:296
,new_rev in arch/x86/kernel/cpu/microcode/intel.c:866,uci in arch/x86/kernel/cpu/microcode/intel.c:863,,pos in arch/x86/kernel/fpu/regset.c:296,kbuf in arch/x86/kernel/fpu/regset.c:297
,curr_mc_size in arch/x86/kernel/cpu/microcode/intel.c:864,mc_size in arch/x86/kernel/cpu/microcode/intel.c:872,,pos in arch/x86/kernel/fpu/regset.c:296,ubuf in arch/x86/kernel/fpu/regset.c:297
,mc in arch/x86/kernel/cpu/microcode/intel.c:867,mc_header in arch/x86/kernel/cpu/microcode/intel.c:871,,count in arch/x86/kernel/fpu/regset.c:296,kbuf in arch/x86/kernel/fpu/regset.c:297
,csig in arch/x86/kernel/cpu/microcode/intel.c:868,uci in arch/x86/kernel/cpu/microcode/intel.c:863,,count in arch/x86/kernel/fpu/regset.c:296,ubuf in arch/x86/kernel/fpu/regset.c:297
,cpf in arch/x86/kernel/cpu/microcode/intel.c:868,uci in arch/x86/kernel/cpu/microcode/intel.c:863,,kbuf in arch/x86/kernel/fpu/regset.c:297,ubuf in arch/x86/kernel/fpu/regset.c:297
,new_rev in arch/x86/kernel/cpu/microcode/intel.c:866,mc_header in arch/x86/kernel/cpu/microcode/intel.c:871,,pos in arch/x86/kernel/fpu/regset.c:325,count in arch/x86/kernel/fpu/regset.c:325
,new_mc in arch/x86/kernel/cpu/microcode/intel.c:867,mc in arch/x86/kernel/cpu/microcode/intel.c:867,,pos in arch/x86/kernel/fpu/regset.c:325,kbuf in arch/x86/kernel/fpu/regset.c:326
,new_mc_size in arch/x86/kernel/cpu/microcode/intel.c:864,mc_size in arch/x86/kernel/cpu/microcode/intel.c:872,,pos in arch/x86/kernel/fpu/regset.c:325,ubuf in arch/x86/kernel/fpu/regset.c:326
,uci in arch/x86/kernel/cpu/microcode/intel.c:863,new_mc in arch/x86/kernel/cpu/microcode/intel.c:867,,count in arch/x86/kernel/fpu/regset.c:325,kbuf in arch/x86/kernel/fpu/regset.c:326
,desc in arch/x86/kernel/cpu/microcode/amd.c:296,patch_size in arch/x86/kernel/cpu/microcode/amd.c:328,,count in arch/x86/kernel/fpu/regset.c:325,ubuf in arch/x86/kernel/fpu/regset.c:326
,desc in arch/x86/kernel/cpu/microcode/amd.c:296,mc in arch/x86/kernel/cpu/microcode/amd.c:327,,kbuf in arch/x86/kernel/fpu/regset.c:326,ubuf in arch/x86/kernel/fpu/regset.c:326
,hdr in arch/x86/kernel/cpu/microcode/amd.c:300,ucode in arch/x86/kernel/cpu/microcode/amd.c:296,,addr in ./include/asm-generic/bitops-instrumented.h:235,from in ./include/linux/uaccess.h:97
,desc in arch/x86/kernel/cpu/microcode/amd.c:296,ucode in arch/x86/kernel/cpu/microcode/amd.c:296,,bp_len in arch/x86/kernel/ptrace.c:518,bp_type in arch/x86/kernel/ptrace.c:518
,hdr in arch/x86/kernel/cpu/microcode/amd.c:159,buf in arch/x86/kernel/cpu/microcode/amd.c:156,,bp_len in arch/x86/kernel/ptrace.c:518,bp in arch/x86/kernel/ptrace.c:499
,p_type in arch/x86/kernel/cpu/microcode/amd.c:158,hdr in arch/x86/kernel/cpu/microcode/amd.c:159,,bp_len in arch/x86/kernel/ptrace.c:518,len in arch/x86/kernel/ptrace.c:577
,p_size in arch/x86/kernel/cpu/microcode/amd.c:158,hdr in arch/x86/kernel/cpu/microcode/amd.c:159,,bp_len in arch/x86/kernel/ptrace.c:518,type in arch/x86/kernel/ptrace.c:577
,*sh_psize in arch/x86/kernel/cpu/microcode/amd.c:187,p_size in arch/x86/kernel/cpu/microcode/amd.c:158,,bp_type in arch/x86/kernel/ptrace.c:518,bp in arch/x86/kernel/ptrace.c:499
,*patch_size in arch/x86/kernel/cpu/microcode/amd.c:272,sh_psize in arch/x86/kernel/cpu/microcode/amd.c:240,,bp_type in arch/x86/kernel/ptrace.c:518,len in arch/x86/kernel/ptrace.c:577
,fw in arch/x86/kernel/cpu/microcode/amd.c:806,data in arch/x86/kernel/cpu/microcode/amd.c:803,,bp_type in arch/x86/kernel/ptrace.c:518,type in arch/x86/kernel/ptrace.c:577
,orig_size in arch/x86/kernel/cpu/microcode/amd.c:299,size in arch/x86/kernel/cpu/microcode/amd.c:296,,bp in arch/x86/kernel/ptrace.c:499,len in arch/x86/kernel/ptrace.c:577
,buf in arch/x86/kernel/cpu/microcode/amd.c:302,ucode in arch/x86/kernel/cpu/microcode/amd.c:296,,bp in arch/x86/kernel/ptrace.c:499,type in arch/x86/kernel/ptrace.c:577
,new_rev in arch/x86/kernel/cpu/microcode/amd.c:424,&ucode_new_rev in arch/x86/kernel/cpu/microcode/amd.c:431,,pos in arch/x86/kernel/ptrace.c:705,count in arch/x86/kernel/ptrace.c:705
,patch in arch/x86/kernel/cpu/microcode/amd.c:422,&amd_ucode_patch in arch/x86/kernel/cpu/microcode/amd.c:432,,pos in arch/x86/kernel/ptrace.c:705,kbuf in arch/x86/kernel/ptrace.c:706
,desc in arch/x86/kernel/cpu/microcode/amd.c:421,cpuid_1_eax in arch/x86/kernel/cpu/microcode/amd.c:419,,pos in arch/x86/kernel/ptrace.c:705,ubuf in arch/x86/kernel/ptrace.c:706
,mc in arch/x86/kernel/cpu/microcode/amd.c:423,desc in arch/x86/kernel/cpu/microcode/amd.c:421,,count in arch/x86/kernel/ptrace.c:705,kbuf in arch/x86/kernel/ptrace.c:706
,*new_rev in arch/x86/kernel/cpu/microcode/amd.c:448,mc in arch/x86/kernel/cpu/microcode/amd.c:423,,count in arch/x86/kernel/ptrace.c:705,ubuf in arch/x86/kernel/ptrace.c:706
,patch in arch/x86/kernel/cpu/microcode/amd.c:422,mc in arch/x86/kernel/cpu/microcode/amd.c:423,,kbuf in arch/x86/kernel/ptrace.c:706,ubuf in arch/x86/kernel/ptrace.c:706
,uci in arch/x86/kernel/cpu/microcode/amd.c:475,ucode_cpu_info in arch/x86/kernel/cpu/microcode/amd.c:485,,addr in ./include/asm-generic/bitops-instrumented.h:235,val in arch/x86/kernel/ptrace.c:938
,path in arch/x86/kernel/cpu/microcode/amd.c:477,ucode_path in arch/x86/kernel/cpu/microcode/amd.c:486,,to in ./include/linux/uaccess.h:141,desc in ./arch/x86/include/asm/desc.h:106
,uci in arch/x86/kernel/cpu/microcode/amd.c:475,cpuid_1_eax in arch/x86/kernel/cpu/microcode/amd.c:473,,reg in arch/x86/kernel/cpu/cacheinfo.c:338,buf in arch/x86/kernel/cpu/cacheinfo.c:371
,*ret in arch/x86/kernel/cpu/microcode/amd.c:496,cp in arch/x86/kernel/cpu/microcode/amd.c:476,,val in arch/x86/kernel/cpu/cacheinfo.c:439,reg in arch/x86/kernel/cpu/cacheinfo.c:338
,desc in arch/x86/kernel/cpu/microcode/amd.c:546,cpuid_1_eax in arch/x86/kernel/cpu/microcode/amd.c:544,,reg in arch/x86/kernel/cpu/cacheinfo.c:338,buf in arch/x86/kernel/cpu/cacheinfo.c:370
,ioapic_id in arch/x86/kernel/acpi/boot.c:787,uid in arch/x86/kernel/acpi/boot.c:796,,dp in arch/x86/kernel/cpu/cacheinfo.c:785,eax in ./arch/x86/include/asm/processor.h:590
,*pcpu in arch/x86/kernel/acpi/boot.c:763,cpu in arch/x86/kernel/acpi/boot.c:752,,dp in arch/x86/kernel/cpu/cacheinfo.c:785,ebx in ./arch/x86/include/asm/processor.h:590
,*irqp in arch/x86/kernel/acpi/boot.c:609,gsi in arch/x86/kernel/acpi/boot.c:604,,dp in arch/x86/kernel/cpu/cacheinfo.c:785,ecx in ./arch/x86/include/asm/processor.h:591
,*irqp in arch/x86/kernel/acpi/boot.c:623,irq in arch/x86/kernel/acpi/boot.c:606,,dp in arch/x86/kernel/cpu/cacheinfo.c:785,edx in ./arch/x86/include/asm/processor.h:591
,irp in arch/x86/kernel/acpi/boot.c:657,gsi in arch/x86/kernel/acpi/boot.c:654,,eax in ./arch/x86/include/asm/processor.h:590,ebx in ./arch/x86/include/asm/processor.h:590
,*gsi in arch/x86/kernel/acpi/boot.c:632,isa_irq_to_gsi in arch/x86/kernel/acpi/boot.c:632,,eax in ./arch/x86/include/asm/processor.h:590,ecx in ./arch/x86/include/asm/processor.h:591
,old in arch/x86/kernel/acpi/boot.c:1737,*lock in arch/x86/kernel/acpi/boot.c:1739,,eax in ./arch/x86/include/asm/processor.h:590,edx in ./arch/x86/include/asm/processor.h:591
,old in arch/x86/kernel/acpi/boot.c:1748,*lock in arch/x86/kernel/acpi/boot.c:1750,,ebx in ./arch/x86/include/asm/processor.h:590,ecx in ./arch/x86/include/asm/processor.h:591
,tmp in arch/x86/kernel/msr.c:47,buf in arch/x86/kernel/msr.c:44,,ebx in ./arch/x86/include/asm/processor.h:590,edx in ./arch/x86/include/asm/processor.h:591
,reg in arch/x86/kernel/msr.c:49,*ppos in arch/x86/kernel/msr.c:49,,ecx in ./arch/x86/include/asm/processor.h:591,edx in ./arch/x86/include/asm/processor.h:591
,reg in arch/x86/kernel/msr.c:77,*ppos in arch/x86/kernel/msr.c:77,,desc in arch/x86/kernel/cpu/intel.c:940,eax in ./arch/x86/include/asm/processor.h:590
,tmp in arch/x86/kernel/msr.c:75,buf in arch/x86/kernel/msr.c:72,,desc in arch/x86/kernel/cpu/intel.c:940,ebx in ./arch/x86/include/asm/processor.h:590
,uregs in arch/x86/kernel/msr.c:102,arg in arch/x86/kernel/msr.c:100,,desc in arch/x86/kernel/cpu/intel.c:940,ecx in ./arch/x86/include/asm/processor.h:591
,q in init/initramfs.c:65,major in init/initramfs.c:62,,desc in arch/x86/kernel/cpu/intel.c:940,edx in ./arch/x86/include/asm/processor.h:591
,q in init/initramfs.c:65,minor in init/initramfs.c:62,,val in arch/x86/kernel/cpu/intel_epb.c:140,epb in arch/x86/kernel/cpu/intel_epb.c:140
,q in init/initramfs.c:65,ino in init/initramfs.c:62,,p in ./include/linux/compiler.h:197,__regs in ./include/trace/events/mce.h:12
,q in init/initramfs.c:65,mode in init/initramfs.c:63,,p in ./include/linux/compiler.h:197,rctx in ./include/trace/events/mce.h:12
,q in init/initramfs.c:65,name in init/initramfs.c:63,,__regs in ./include/trace/events/mce.h:12,rctx in ./include/trace/events/mce.h:12
,trampoline_status in arch/x86/kernel/smpboot.c:1026,real_mode_header in arch/x86/kernel/smpboot.c:1027,,msg in arch/x86/kernel/cpu/mce/core.c:1224,worst in arch/x86/kernel/cpu/mce/core.c:1226
,oem in arch/x86/kernel/mpparse.c:151,mpc in arch/x86/kernel/mpparse.c:151,,msg in arch/x86/kernel/cpu/mce/core.c:1224,nmsg in arch/x86/kernel/cpu/mce/core.c:896
,str in arch/x86/kernel/mpparse.c:151,mpc in arch/x86/kernel/mpparse.c:151,,worst in arch/x86/kernel/cpu/mce/core.c:1226,nmsg in arch/x86/kernel/cpu/mce/core.c:896
,mpt in arch/x86/kernel/mpparse.c:752,mpc in arch/x86/kernel/mpparse.c:743,,tmp in arch/x86/kernel/cpu/mce/amd.c:668,sys_addr in arch/x86/kernel/cpu/mce/amd.c:662
,m_spare in arch/x86/kernel/mpparse.c:723,m in arch/x86/kernel/mpparse.c:700,,high in arch/x86/kernel/cpu/mce/amd.c:1203,low in arch/x86/kernel/cpu/mce/amd.c:1203
,m in arch/x86/kernel/mpparse.c:700,&mp_irqs in arch/x86/kernel/mpparse.c:709,,high in arch/x86/kernel/cpu/mce/amd.c:233,low in arch/x86/kernel/cpu/mce/amd.c:233
,mpt in arch/x86/kernel/mpparse.c:208,mpc in arch/x86/kernel/mpparse.c:202,,ltype in arch/x86/kernel/cpu/mtrr/mtrr.c:481,lbase in arch/x86/kernel/cpu/mtrr/mtrr.c:482
,count in arch/x86/kernel/mpparse.c:207,mpc in arch/x86/kernel/mpparse.c:202,,ltype in arch/x86/kernel/cpu/mtrr/mtrr.c:481,lsize in arch/x86/kernel/cpu/mtrr/mtrr.c:482
,str in arch/x86/kernel/mpparse.c:75,m in arch/x86/kernel/mpparse.c:75,,lbase in arch/x86/kernel/cpu/mtrr/mtrr.c:482,lsize in arch/x86/kernel/cpu/mtrr/mtrr.c:482
,mpf in arch/x86/kernel/mpparse.c:578,bp in arch/x86/kernel/mpparse.c:577,,ltype in arch/x86/kernel/cpu/mtrr/mtrr.c:306,lsize in arch/x86/kernel/cpu/mtrr/mtrr.c:304
,mpf_base in arch/x86/kernel/mpparse.c:596,base in arch/x86/kernel/mpparse.c:575,,ltype in arch/x86/kernel/cpu/mtrr/mtrr.c:306,lbase in arch/x86/kernel/cpu/mtrr/mtrr.c:304
,*delta in arch/x86/kernel/apic/apic.c:791,res in arch/x86/kernel/apic/apic.c:761,,lsize in arch/x86/kernel/cpu/mtrr/mtrr.c:304,lbase in arch/x86/kernel/cpu/mtrr/mtrr.c:304
,*deltatsc in arch/x86/kernel/apic/apic.c:791,res in arch/x86/kernel/apic/apic.c:761,,to in ./include/linux/uaccess.h:141,type in arch/x86/kernel/cpu/mtrr/if.c:161
,show_lapic in arch/x86/kernel/apic/vector.c:1231,num in arch/x86/kernel/apic/vector.c:1224,,to in ./include/linux/uaccess.h:141,base in arch/x86/kernel/cpu/mtrr/if.c:162
,cpu in arch/x86/kernel/apic/vector.c:892,apicd in arch/x86/kernel/apic/vector.c:890,,to in ./include/linux/uaccess.h:141,size in arch/x86/kernel/cpu/mtrr/if.c:163
,vector in arch/x86/kernel/apic/vector.c:867,apicd in arch/x86/kernel/apic/vector.c:859,,type in arch/x86/kernel/cpu/mtrr/if.c:402,size in arch/x86/kernel/cpu/mtrr/if.c:403
,vector in arch/x86/kernel/apic/vector.c:836,apicd in arch/x86/kernel/apic/vector.c:834,,type in arch/x86/kernel/cpu/mtrr/if.c:402,base in arch/x86/kernel/cpu/mtrr/if.c:403
,cpu in arch/x86/kernel/apic/vector.c:837,apicd in arch/x86/kernel/apic/vector.c:834,,size in arch/x86/kernel/cpu/mtrr/if.c:403,base in arch/x86/kernel/cpu/mtrr/if.c:403
,managed in arch/x86/kernel/apic/vector.c:838,apicd in arch/x86/kernel/apic/vector.c:834,,flags in ./arch/x86/include/asm/irqflags.h:22,changed in arch/x86/kernel/cpu/mtrr/generic.c:640
,info in arch/x86/kernel/apic/vector.c:531,arg in arch/x86/kernel/apic/vector.c:529,,base in arch/x86/kernel/cpu/mtrr/generic.c:579,size in arch/x86/kernel/cpu/mtrr/generic.c:580
,irqd in arch/x86/kernel/apic/vector.c:533,&lapic_controller in arch/x86/kernel/apic/vector.c:555,,base in arch/x86/kernel/cpu/mtrr/generic.c:579,type in arch/x86/kernel/cpu/mtrr/generic.c:580
,irqd in arch/x86/kernel/apic/vector.c:533,apicd in arch/x86/kernel/apic/vector.c:532,,size in arch/x86/kernel/cpu/mtrr/generic.c:580,type in arch/x86/kernel/cpu/mtrr/generic.c:580
,resvd in arch/x86/kernel/apic/vector.c:224,apicd in arch/x86/kernel/apic/vector.c:223,,ltype in arch/x86/kernel/cpu/mtrr/generic.c:563,lsize in arch/x86/kernel/cpu/mtrr/generic.c:562
,cpu in arch/x86/kernel/apic/vector.c:225,apicd in arch/x86/kernel/apic/vector.c:223,,msrwords in arch/x86/kernel/cpu/mtrr/generic.c:539,changed in arch/x86/kernel/cpu/mtrr/generic.c:539
,vector in arch/x86/kernel/apic/vector.c:226,apicd in arch/x86/kernel/apic/vector.c:223,,is_uniform in arch/x86/kernel/cpu/mtrr/generic.c:260,repeat in arch/x86/kernel/cpu/mtrr/generic.c:261
,mcd in arch/x86/kernel/apic/io_apic.c:1915,irqd in arch/x86/kernel/apic/io_apic.c:1911,,is_uniform in arch/x86/kernel/cpu/mtrr/generic.c:260,partial_end in arch/x86/kernel/cpu/mtrr/generic.c:262
,res in arch/x86/kernel/apic/io_apic.c:2629,mem in arch/x86/kernel/apic/io_apic.c:2630,,is_uniform in arch/x86/kernel/cpu/mtrr/generic.c:260,uniform in arch/x86/kernel/cpu/mtrr/generic.c:258
,ioapics in arch/x86/kernel/apic/io_apic.c:2651,&res in arch/x86/kernel/apic/io_apic.c:2651,,repeat in arch/x86/kernel/cpu/mtrr/generic.c:261,partial_end in arch/x86/kernel/cpu/mtrr/generic.c:262
,ioapic_resources in arch/x86/kernel/apic/io_apic.c:2624,res in arch/x86/kernel/apic/io_apic.c:2629,,repeat in arch/x86/kernel/cpu/mtrr/generic.c:261,dummy in arch/x86/kernel/cpu/mtrr/generic.c:260
,,,,repeat in arch/x86/kernel/cpu/mtrr/generic.c:261,uniform in arch/x86/kernel/cpu/mtrr/generic.c:258
,,,,partial_end in arch/x86/kernel/cpu/mtrr/generic.c:262,dummy in arch/x86/kernel/cpu/mtrr/generic.c:260
,,,,partial_end in arch/x86/kernel/cpu/mtrr/generic.c:262,uniform in arch/x86/kernel/cpu/mtrr/generic.c:258
,,,,dummy in arch/x86/kernel/cpu/mtrr/generic.c:260,uniform in arch/x86/kernel/cpu/mtrr/generic.c:258
,,,,repeat in arch/x86/kernel/cpu/mtrr/generic.c:161,uniform in arch/x86/kernel/cpu/mtrr/generic.c:161
,,,,repeat in arch/x86/kernel/cpu/mtrr/generic.c:161,partial_end in arch/x86/kernel/cpu/mtrr/generic.c:160
,,,,uniform in arch/x86/kernel/cpu/mtrr/generic.c:161,partial_end in arch/x86/kernel/cpu/mtrr/generic.c:160
,,,,nr_m_spare in arch/x86/kernel/mpparse.c:751,mpt in arch/x86/kernel/mpparse.c:752
,,,,delta in arch/x86/kernel/apic/apic.c:861,deltatsc in arch/x86/kernel/apic/apic.c:861
,,,,delta in arch/x86/kernel/apic/apic.c:861,__u in arch/x86/kernel/apic/apic.c:904
,,,,delta in arch/x86/kernel/apic/apic.c:861,__u in arch/x86/kernel/apic/apic.c:927
,,,,deltatsc in arch/x86/kernel/apic/apic.c:861,__u in arch/x86/kernel/apic/apic.c:904
,,,,deltatsc in arch/x86/kernel/apic/apic.c:861,__u in arch/x86/kernel/apic/apic.c:927
,,,,__u in arch/x86/kernel/apic/apic.c:904,__u in arch/x86/kernel/apic/apic.c:927
,,,,arg in arch/x86/kernel/apic/vector.c:1222,num in arch/x86/kernel/apic/vector.c:1224