correct,out in mysql-8.0.25/client/mysql.cc:2450,pos in mysql-8.0.25/client/mysql.cc:2450,incorrect,f in mysql-8.0.25/client/mysql.cc:3482,s in mysql-8.0.25/client/mysql.cc:3484
,line in mysql-8.0.25/client/mysql.cc:2447,pos in mysql-8.0.25/client/mysql.cc:2450,,f in mysql-8.0.25/client/mysql.cc:3482,buf in mysql-8.0.25/client/mysql.cc:3483
,out in mysql-8.0.25/client/mysql.cc:2450,line in mysql-8.0.25/client/mysql.cc:2447,,sec in mysql-8.0.25/client/mysql.cc:4808,result in mysql-8.0.25/client/mysql.cc:4736
,s in mysql-8.0.25/client/mysql.cc:3484,buf in mysql-8.0.25/client/mysql.cc:3483,,li_ptr in mysql-8.0.25/libmysql/libmysql.cc:409,mysql in mysql-8.0.25/libmysql/libmysql.cc:404
,mysql in mysql-8.0.25/libmysql/libmysql.cc:3710,is_data_packet in mysql-8.0.25/libmysql/libmysql.cc:3712,,mysql in mysql-8.0.25/client/mysql.cc:4622,handle_expired in mysql-8.0.25/client/mysql.cc:4623
,is_data_packet in mysql-8.0.25/libmysql/libmysql.cc:3811,mysql in mysql-8.0.25/libmysql/libmysql.cc:3807,,timeout in mysql-8.0.25/client/mysql.cc:4629,mysql in mysql-8.0.25/client/mysql.cc:4622
,__x in /usr/lib/gcc/x86_64-linux-gnu/5.4.0/../../../../include/c++/5.4.0/bits/stl_tree.h:1804,__y in /usr/lib/gcc/x86_64-linux-gnu/5.4.0/../../../../include/c++/5.4.0/bits/stl_tree.h:1805,,handle_expired in mysql-8.0.25/client/mysql.cc:4623,timeout in mysql-8.0.25/client/mysql.cc:4629
,mysql in mysql-8.0.25/sql-common/client.cc:758,pos in mysql-8.0.25/sql-common/client.cc:760,,local_net_buffer_length in mysql-8.0.25/libmysql/libmysql.cc:996,local_max_allowed_packet in mysql-8.0.25/libmysql/libmysql.cc:997
,data_str in mysql-8.0.25/sql-common/client.cc:763,pos in mysql-8.0.25/sql-common/client.cc:760,,is_data_packet in mysql-8.0.25/libmysql/libmysql.cc:1741,prev_ptr in mysql-8.0.25/libmysql/libmysql.cc:1743
,pos in mysql-8.0.25/sql-common/client.cc:760,saved_pos in mysql-8.0.25/sql-common/client.cc:760,,value in mysql-8.0.25/libmysql/libmysql.cc:2857,error in mysql-8.0.25/libmysql/libmysql.cc:2909
,mysql in mysql-8.0.25/sql-common/client.cc:758,saved_pos in mysql-8.0.25/sql-common/client.cc:760,,param in mysql-8.0.25/libmysql/libmysql.cc:2947,value in mysql-8.0.25/libmysql/libmysql.cc:2948
,data_str in mysql-8.0.25/sql-common/client.cc:763,saved_pos in mysql-8.0.25/sql-common/client.cc:760,,err in mysql-8.0.25/libmysql/libmysql.cc:2717,err in mysql-8.0.25/libmysql/libmysql.cc:2726
,data in mysql-8.0.25/sql-common/client.cc:771,len in mysql-8.0.25/sql-common/client.cc:759,,err in mysql-8.0.25/libmysql/libmysql.cc:2735,err in mysql-8.0.25/libmysql/libmysql.cc:2743
,element in mysql-8.0.25/sql-common/client.cc:770,data in mysql-8.0.25/sql-common/client.cc:771,,err in mysql-8.0.25/libmysql/libmysql.cc:2708,err in mysql-8.0.25/libmysql/libmysql.cc:2752
,mysql in mysql-8.0.25/sql-common/client.cc:7885,arg in mysql-8.0.25/sql-common/client.cc:7886,,copy_length in mysql-8.0.25/libmysql/libmysql.cc:2790,err in mysql-8.0.25/libmysql/libmysql.cc:2752
,ctx in mysql-8.0.25/sql-common/client.cc:5737,mysql in mysql-8.0.25/sql-common/client.cc:5738,,endptr in mysql-8.0.25/libmysql/libmysql.cc:2698,param in mysql-8.0.25/libmysql/libmysql.cc:2695
,net in mysql-8.0.25/sql-common/client.cc:5755,mysql in mysql-8.0.25/sql-common/client.cc:5738,,prev_ptr in mysql-8.0.25/libmysql/libmysql.cc:3809,mysql in mysql-8.0.25/libmysql/libmysql.cc:3807
,res_lst in mysql-8.0.25/sql-common/client.cc:5920,t_res in mysql-8.0.25/sql-common/client.cc:5990,,prev_ptr in mysql-8.0.25/libmysql/libmysql.cc:3809,is_data_packet in mysql-8.0.25/libmysql/libmysql.cc:3811
,client_bind_ai_lst in mysql-8.0.25/sql-common/client.cc:5920,curr_bind_ai in mysql-8.0.25/sql-common/client.cc:6004,,err in mysql-8.0.25/libmysql/dns_srv.cc:167,port in mysql-8.0.25/libmysql/dns_srv.cc:176
,options in mysql-8.0.25/sql-common/client.cc:2045,opt_arg in mysql-8.0.25/sql-common/client.cc:2075,,port in mysql-8.0.25/libmysql/dns_srv_data.h:80,priority in mysql-8.0.25/libmysql/dns_srv_data.h:80
,ctx in mysql-8.0.25/sql-common/client.cc:6277,mysql in mysql-8.0.25/sql-common/client.cc:6279,,weight in mysql-8.0.25/libmysql/dns_srv_data.h:81,port in mysql-8.0.25/libmysql/dns_srv_data.h:80
,mysql in mysql-8.0.25/sql-common/client.cc:6392,ctx in mysql-8.0.25/sql-common/client.cc:6390,,priority in mysql-8.0.25/libmysql/dns_srv_data.h:80,weight in mysql-8.0.25/libmysql/dns_srv_data.h:81
,mysql in mysql-8.0.25/sql-common/client.cc:4286,net in mysql-8.0.25/sql-common/client.cc:4288,,pkt in mysql-8.0.25/sql-common/client.cc:8705,io_result in mysql-8.0.25/sql-common/client.cc:8704
,mysql in mysql-8.0.25/sql-common/client.cc:4146,net in mysql-8.0.25/sql-common/client.cc:4147,,mysql in mysql-8.0.25/sql-common/client.cc:758,length in mysql-8.0.25/sql-common/client.cc:758
,mysql in mysql-8.0.25/sql-common/client.cc:7045,pos in mysql-8.0.25/sql-common/client.cc:7046,,info in mysql-8.0.25/sql-common/client.cc:768,element in mysql-8.0.25/sql-common/client.cc:770
,is_data_packet in mysql-8.0.25/sql-common/client.cc:2934,mysql in mysql-8.0.25/sql-common/client.cc:2924,,pos in mysql-8.0.25/sql-common/client.cc:760,is_error in mysql-8.0.25/sql-common/client.cc:772
,cp in mysql-8.0.25/sql-common/client.cc:2929,mysql in mysql-8.0.25/sql-common/client.cc:2924,,data_str in mysql-8.0.25/sql-common/client.cc:763,len in mysql-8.0.25/sql-common/client.cc:759
,mysql in mysql-8.0.25/sql-common/client.cc:1728,pos in mysql-8.0.25/sql-common/client.cc:1760,,mysql in mysql-8.0.25/sql-common/client.cc:1146,len in mysql-8.0.25/sql-common/client.cc:1147
,mysql in mysql-8.0.25/sql-common/client.cc:7096,pos in mysql-8.0.25/sql-common/client.cc:7101,,ret_data in mysql-8.0.25/sql-common/client.cc:7295,ret_data_length in mysql-8.0.25/sql-common/client.cc:7296
,mysql in mysql-8.0.25/sql-common/client.cc:2782,net in mysql-8.0.25/sql-common/client.cc:2792,,res_lst in mysql-8.0.25/sql-common/client.cc:5920,client_bind_ai_lst in mysql-8.0.25/sql-common/client.cc:5920
,cp in mysql-8.0.25/sql-common/client.cc:2789,net in mysql-8.0.25/sql-common/client.cc:2792,,argc in mysql-8.0.25/sql-common/client.cc:2047,argv in mysql-8.0.25/sql-common/client.cc:2048
,mysql in mysql-8.0.25/sql-common/client.cc:2468,net in mysql-8.0.25/sql-common/client.cc:2475,,pkt_len in mysql-8.0.25/sql-common/client.cc:2787,mysql in mysql-8.0.25/sql-common/client.cc:2782
,async_data in mysql-8.0.25/sql-common/client.cc:2476,mysql in mysql-8.0.25/sql-common/client.cc:2468,,is_data_packet in mysql-8.0.25/sql-common/client.cc:1598,packet_length in mysql-8.0.25/sql-common/client.cc:1597
,pos in mysql-8.0.25/sql-common/client.cc:2473,net in mysql-8.0.25/sql-common/client.cc:2475,,res in mysql-8.0.25/sql-common/client.cc:2508,async_data in mysql-8.0.25/sql-common/client.cc:2476
,field in mysql-8.0.25/sql-common/client.cc:2319,row in mysql-8.0.25/sql-common/client.cc:2318,,pkt_len in mysql-8.0.25/sql-common/client.cc:3115,is_data_packet in mysql-8.0.25/sql-common/client.cc:3116
,pos in mysql-8.0.25/sql-common/client.cc:2331,row in mysql-8.0.25/sql-common/client.cc:2318,,is_data_packet in mysql-8.0.25/sql-common/client.cc:1638,mysql in mysql-8.0.25/sql-common/client.cc:1636
,mysql in mysql-8.0.25/sql-common/client.cc:3030,net in mysql-8.0.25/sql-common/client.cc:3037,,key in mysql-8.0.25/sql-common/client.c:8401,value in mysql-8.0.25/sql-common/client.c:8402
,pos in mysql-8.0.25/sql-common/client.cc:3036,prev_pos in mysql-8.0.25/sql-common/client.cc:3036,,total_len in mysql-8.0.25/sql-common/net_serv.cc:537,vec in mysql-8.0.25/sql-common/net_serv.cc:545
,rpl in mysql-8.0.25/sql-common/client.cc:6671,ptr in mysql-8.0.25/sql-common/client.cc:6715,,displacement in mysql-8.0.25/mysys/my_time.cc:393,str in mysql-8.0.25/mysys/my_time.cc:370
,ptr in mysql-8.0.25/sql-common/client.cc:6715,command_buffer in mysql-8.0.25/sql-common/client.cc:6677,,format_position in mysql-8.0.25/mysys/my_time.cc:387,str in mysql-8.0.25/mysys/my_time.cc:370
,async_context in mysql-8.0.25/sql-common/client.cc:7584,mysql in mysql-8.0.25/sql-common/client.cc:7582,,i in mysql-8.0.25/mysys/my_time.cc:385,str in mysql-8.0.25/mysys/my_time.cc:370
,arg in mysql-8.0.25/sql-common/client.cc:8210,mysql in mysql-8.0.25/sql-common/client.cc:8209,,useconds in mysql-8.0.25/mysys/my_time.cc:2657,seconds in mysql-8.0.25/mysys/my_time.cc:2656
,vec in mysql-8.0.25/sql-common/net_serv.cc:545,net_async in mysql-8.0.25/sql-common/net_serv.cc:536,,slen in mysql-8.0.25/strings/ctype-bin.cc:145,tlen in mysql-8.0.25/strings/ctype-bin.cc:146
,end in mysql-8.0.25/mysys/my_time.cc:386,str in mysql-8.0.25/mysys/my_time.cc:370,,a_length in mysql-8.0.25/strings/ctype-bin.cc:176,b_length in mysql-8.0.25/strings/ctype-bin.cc:176
,pos in mysql-8.0.25/mysys/my_time.cc:384,str in mysql-8.0.25/mysys/my_time.cc:370,,dstlen in mysql-8.0.25/strings/ctype-bin.cc:378,srclen in mysql-8.0.25/strings/ctype-bin.cc:379
,start in mysql-8.0.25/mysys/my_time.cc:474,str in mysql-8.0.25/mysys/my_time.cc:370,,slen in mysql-8.0.25/strings/ctype-bin.cc:102,tlen in mysql-8.0.25/strings/ctype-bin.cc:103
,last_field_pos in mysql-8.0.25/mysys/my_time.cc:385,str in mysql-8.0.25/mysys/my_time.cc:370,,dstlen in mysql-8.0.25/strings/ctype-bin.cc:389,srclen in mysql-8.0.25/strings/ctype-bin.cc:390
,tmp_time in mysql-8.0.25/mysys/my_time.cc:1087,t in mysql-8.0.25/mysys/my_time.cc:1088,,to_length in mysql-8.0.25/strings/ctype.cc:934,from_length in mysql-8.0.25/strings/ctype.cc:935
,tmp_time in mysql-8.0.25/mysys/my_time.cc:1087,l_time in mysql-8.0.25/mysys/my_time.cc:1089,,nchars in mysql-8.0.25/strings/ctype-simple.cc:921,nbytes in mysql-8.0.25/strings/ctype-simple.cc:922
,i in mysql-8.0.25/strings/ctype.cc:533,st in mysql-8.0.25/strings/ctype.cc:532,,ull in mysql-8.0.25/strings/ctype-simple.cc:1230,str in mysql-8.0.25/strings/ctype-simple.cc:1226
,str in mysql-8.0.25/strings/ctype-simple.cc:1226,beg in mysql-8.0.25/strings/ctype-simple.cc:1229,,dst in mysql-8.0.25/strings/ctype-simple.cc:97,dstlen in mysql-8.0.25/strings/ctype-simple.cc:97
,a_length in mysql-8.0.25/strings/ctype-simple.cc:170,b_length in mysql-8.0.25/strings/ctype-simple.cc:170,,src in mysql-8.0.25/strings/ctype-simple.cc:98,dst in mysql-8.0.25/strings/ctype-simple.cc:97
,dst in mysql-8.0.25/strings/ctype-simple.cc:97,d0 in mysql-8.0.25/strings/ctype-simple.cc:101,,str in mysql-8.0.25/strings/ctype-simple.cc:744,wildstr in mysql-8.0.25/strings/ctype-simple.cc:749
,dst in mysql-8.0.25/strings/ctype-utf8.cc:5030,dst0 in mysql-8.0.25/strings/ctype-utf8.cc:5034,,slen in mysql-8.0.25/strings/ctype-utf8.cc:5250,tlen in mysql-8.0.25/strings/ctype-utf8.cc:5250
,pos in mysql-8.0.25/strings/ctype-utf8.cc:7706,start in mysql-8.0.25/strings/ctype-utf8.cc:7712,,slen in mysql-8.0.25/strings/ctype-utf8.cc:7188,tlen in mysql-8.0.25/strings/ctype-utf8.cc:7188
,dst in mysql-8.0.25/strings/ctype-utf8.cc:5132,dst0 in mysql-8.0.25/strings/ctype-utf8.cc:5137,,ilim in mysql-8.0.25/strings/dtoa.cc:1953,mhi in mysql-8.0.25/strings/dtoa.cc:1959
,dst in mysql-8.0.25/strings/dtoa.cc:127,to in mysql-8.0.25/strings/dtoa.cc:124,,i in mysql-8.0.25/strings/dtoa.cc:1953,mlo in mysql-8.0.25/strings/dtoa.cc:1959
,b in mysql-8.0.25/strings/dtoa.cc:1959,b1 in mysql-8.0.25/strings/dtoa.cc:1959,,k in mysql-8.0.25/strings/dtoa.cc:1953,b in mysql-8.0.25/strings/dtoa.cc:1959
,S in mysql-8.0.25/strings/dtoa.cc:1959,mhi in mysql-8.0.25/strings/dtoa.cc:1959,,j in mysql-8.0.25/strings/dtoa.cc:1953,mhi in mysql-8.0.25/strings/dtoa.cc:1959
,mlo in mysql-8.0.25/strings/dtoa.cc:1959,mhi in mysql-8.0.25/strings/dtoa.cc:1959,,bbits in mysql-8.0.25/strings/dtoa.cc:1953,mhi in mysql-8.0.25/strings/dtoa.cc:1959
,dst in mysql-8.0.25/strings/dtoa.cc:305,to in mysql-8.0.25/strings/dtoa.cc:302,,y in mysql-8.0.25/strings/dtoa.cc:1173,z in mysql-8.0.25/strings/dtoa.cc:1173
,s in mysql-8.0.25/strings/dtoa.cc:1275,s00 in mysql-8.0.25/strings/dtoa.cc:1270,,width in mysql-8.0.25/strings/dtoa.cc:302,dst in mysql-8.0.25/strings/dtoa.cc:305
,p in mysql-8.0.25/strings/xml.cc:325,str in mysql-8.0.25/strings/xml.cc:325,,decpt in mysql-8.0.25/strings/dtoa.cc:304,dst in mysql-8.0.25/strings/dtoa.cc:305
,ts_ptr in mysql-8.0.25/vio/viosocket.cc:827,ts in mysql-8.0.25/vio/viosocket.cc:826,,end in mysql-8.0.25/strings/dtoa.cc:305,dst in mysql-8.0.25/strings/dtoa.cc:305
,stack in mysql-8.0.25/mysys/dbug.cc:439,cs in mysql-8.0.25/mysys/dbug.cc:436,,sign in mysql-8.0.25/strings/dtoa.cc:304,dst in mysql-8.0.25/strings/dtoa.cc:305
,buf in mysql-8.0.25/mysys/dbug.cc:1018,start in mysql-8.0.25/mysys/dbug.cc:1019,,c in mysql-8.0.25/strings/dtoa.cc:1273,s in mysql-8.0.25/strings/dtoa.cc:1275
,state_map in mysql-8.0.25/mysys/sql_chars.cc:70,lex_state_maps in mysql-8.0.25/mysys/sql_chars.cc:72,,nd in mysql-8.0.25/strings/dtoa.cc:1274,c in mysql-8.0.25/strings/dtoa.cc:1273
,salt in mysql-8.0.25/mysys/crypt_genhash_impl.cc:246,switchsalt in mysql-8.0.25/mysys/crypt_genhash_impl.cc:241,,kb in mysql-8.0.25/strings/dtoa.cc:1211,ka in mysql-8.0.25/strings/dtoa.cc:1211
,P in mysql-8.0.25/mysys/crypt_genhash_impl.cc:259,Pp in mysql-8.0.25/mysys/crypt_genhash_impl.cc:259,,p in mysql-8.0.25/strings/xml.cc:325,lex in mysql-8.0.25/strings/xml.cc:335
,S in mysql-8.0.25/mysys/crypt_genhash_impl.cc:260,Ss in mysql-8.0.25/mysys/crypt_genhash_impl.cc:260,,ret in mysql-8.0.25/vio/viosocket.cc:785,ts_ptr in mysql-8.0.25/vio/viosocket.cc:827
,ptr in mysql-8.0.25/mysys/my_default.cc:882,linebuff in mysql-8.0.25/mysys/my_default.cc:920,,r in mysql-8.0.25/vio/viosocket.cc:462,vio in mysql-8.0.25/vio/viosocket.cc:461
,value in mysql-8.0.25/mysys/my_default.cc:884,end in mysql-8.0.25/mysys/my_default.cc:882,,end in mysql-8.0.25/mysys/dbug.cc:1019,buf in mysql-8.0.25/mysys/dbug.cc:1018
,pos in mysql-8.0.25/mysys/my_getopt.cc:246,*argv in mysql-8.0.25/mysys/my_getopt.cc:241,,new_block in mysql-8.0.25/mysys/my_alloc.cc:86,length in mysql-8.0.25/mysys/my_alloc.cc:60
,pos in mysql-8.0.25/mysys/my_getopt.cc:246,arg_sep in mysql-8.0.25/mysys/my_getopt.cc:247,,forced_extra_defaults in mysql-8.0.25/mysys/my_default.cc:343,forced_default_file in mysql-8.0.25/mysys/my_default.cc:343
,pos in mysql-8.0.25/mysys/my_getopt.cc:246,persist_arg_sep in mysql-8.0.25/mysys/my_getopt.cc:247,,end in mysql-8.0.25/mysys/my_getopt.cc:1257,num in mysql-8.0.25/mysys/my_getopt.cc:1255
,pos in mysql-8.0.25/mysys/my_getopt.cc:246,first in mysql-8.0.25/mysys/my_getopt.cc:310,,u_len in mysql-8.0.25/mysys/my_aes_openssl.cc:127,f_len in mysql-8.0.25/mysys/my_aes_openssl.cc:127
,opt_str in mysql-8.0.25/mysys/my_getopt.cc:246,cur_arg in mysql-8.0.25/mysys/my_getopt.cc:311,,u_len in mysql-8.0.25/mysys/my_aes_openssl.cc:171,f_len in mysql-8.0.25/mysys/my_aes_openssl.cc:171
,optend in mysql-8.0.25/mysys/my_getopt.cc:246,argument in mysql-8.0.25/mysys/my_getopt.cc:334,,len in mysql-8.0.25/extra/zlib/deflate.c:1657,have in mysql-8.0.25/extra/zlib/deflate.c:1657
,optend in mysql-8.0.25/mysys/my_getopt.cc:246,cur_arg in mysql-8.0.25/mysys/my_getopt.cc:311,,len in mysql-8.0.25/extra/zlib/deflate.c:1657,left in mysql-8.0.25/extra/zlib/deflate.c:1657
,optend in mysql-8.0.25/mysys/my_getopt.cc:246,space_char in mysql-8.0.25/mysys/my_getopt.cc:557,,s in mysql-8.0.25/extra/zlib/deflate.c:1644,len in mysql-8.0.25/extra/zlib/deflate.c:1657
,optp in mysql-8.0.25/mysys/my_getopt.cc:248,longopts in mysql-8.0.25/mysys/my_getopt.cc:241,,have in mysql-8.0.25/extra/zlib/deflate.c:1657,left in mysql-8.0.25/extra/zlib/deflate.c:1657
,opts in mysql-8.0.25/mysys/my_getopt.cc:755,value in mysql-8.0.25/mysys/my_getopt.cc:755,,flush in mysql-8.0.25/extra/zlib/deflate.c:765,s in mysql-8.0.25/extra/zlib/deflate.c:768
,argument in mysql-8.0.25/mysys/my_getopt.cc:756,enabled_my_option in mysql-8.0.25/mysys/my_getopt.cc:760,,old_flush in mysql-8.0.25/extra/zlib/deflate.c:767,s in mysql-8.0.25/extra/zlib/deflate.c:768
,strm in mysql-8.0.25/extra/zlib/deflate.c:764,s in mysql-8.0.25/extra/zlib/deflate.c:768,,level_flags in mysql-8.0.25/extra/zlib/deflate.c:817,s in mysql-8.0.25/extra/zlib/deflate.c:768
,dst in mysql-8.0.25/extra/zstd/lib/compress/zstd_compress.c:1942,ostart in mysql-8.0.25/extra/zstd/lib/compress/zstd_compress.c:1957,,beg in mysql-8.0.25/extra/zlib/deflate.c:929,s in mysql-8.0.25/extra/zlib/deflate.c:768
,op in mysql-8.0.25/extra/zstd/lib/compress/zstd_compress.c:1959,ostart in mysql-8.0.25/extra/zstd/lib/compress/zstd_compress.c:1957,,left in mysql-8.0.25/extra/zlib/deflate.c:903,s in mysql-8.0.25/extra/zlib/deflate.c:768
,dictPtr in mysql-8.0.25/extra/zstd/lib/compress/zstd_compress.c:2643,dict in mysql-8.0.25/extra/zstd/lib/compress/zstd_compress.c:2639,,beg in mysql-8.0.25/extra/zlib/deflate.c:902,s in mysql-8.0.25/extra/zlib/deflate.c:768
,src in mysql-8.0.25/extra/zstd/lib/compress/zstd_double_fast.c:54,istart in mysql-8.0.25/extra/zstd/lib/compress/zstd_double_fast.c:64,,copy in mysql-8.0.25/extra/zlib/deflate.c:905,s in mysql-8.0.25/extra/zlib/deflate.c:768
,ip in mysql-8.0.25/extra/zstd/lib/compress/zstd_double_fast.c:65,istart in mysql-8.0.25/extra/zstd/lib/compress/zstd_double_fast.c:64,,max in mysql-8.0.25/extra/zstd/lib/compress/zstd_compress.c:2006,max in mysql-8.0.25/extra/zstd/lib/compress/zstd_compress.c:2028
,anchor in mysql-8.0.25/extra/zstd/lib/compress/zstd_double_fast.c:66,istart in mysql-8.0.25/extra/zstd/lib/compress/zstd_double_fast.c:64,,max in mysql-8.0.25/extra/zstd/lib/compress/zstd_compress.c:2051,max in mysql-8.0.25/extra/zstd/lib/compress/zstd_compress.c:2028
,ip0 in mysql-8.0.25/extra/zstd/lib/compress/zstd_fast.c:60,istart in mysql-8.0.25/extra/zstd/lib/compress/zstd_fast.c:58,,max in mysql-8.0.25/extra/zstd/lib/compress/zstd_compress.c:2006,max in mysql-8.0.25/extra/zstd/lib/compress/zstd_compress.c:2051
,src in mysql-8.0.25/extra/zstd/lib/compress/zstd_fast.c:49,istart in mysql-8.0.25/extra/zstd/lib/compress/zstd_fast.c:58,,maxSymbolValue in mysql-8.0.25/extra/zstd/lib/compress/zstd_compress.c:2657,offcodeLog in mysql-8.0.25/extra/zstd/lib/compress/zstd_compress.c:2664
,anchor in mysql-8.0.25/extra/zstd/lib/compress/zstd_fast.c:62,istart in mysql-8.0.25/extra/zstd/lib/compress/zstd_fast.c:58,,offcodeMaxValue in mysql-8.0.25/extra/zstd/lib/compress/zstd_compress.c:2646,maxSymbolValue in mysql-8.0.25/extra/zstd/lib/compress/zstd_compress.c:2657
,src in mysql-8.0.25/extra/zstd/lib/compress/zstd_fast.c:202,istart in mysql-8.0.25/extra/zstd/lib/compress/zstd_fast.c:210,,ms in mysql-8.0.25/extra/zstd/lib/compress/zstd_fast.c:201,istart in mysql-8.0.25/extra/zstd/lib/compress/zstd_fast.c:210
,ip in mysql-8.0.25/extra/zstd/lib/compress/zstd_fast.c:211,istart in mysql-8.0.25/extra/zstd/lib/compress/zstd_fast.c:210,,rep in mysql-8.0.25/extra/zstd/lib/compress/zstd_fast.c:201,istart in mysql-8.0.25/extra/zstd/lib/compress/zstd_fast.c:210
,anchor in mysql-8.0.25/extra/zstd/lib/compress/zstd_fast.c:212,istart in mysql-8.0.25/extra/zstd/lib/compress/zstd_fast.c:210,,dictMode in mysql-8.0.25/extra/zstd/lib/compress/zstd_lazy.c:634,istart in mysql-8.0.25/extra/zstd/lib/compress/zstd_lazy.c:637
,ip in mysql-8.0.25/extra/zstd/lib/compress/zstd_lazy.c:638,istart in mysql-8.0.25/extra/zstd/lib/compress/zstd_lazy.c:637,,matchLength in mysql-8.0.25/extra/zstd/lib/compress/zstd_lazy.c:686,istart in mysql-8.0.25/extra/zstd/lib/compress/zstd_lazy.c:637
,src in mysql-8.0.25/extra/zstd/lib/compress/zstd_lazy.c:632,istart in mysql-8.0.25/extra/zstd/lib/compress/zstd_lazy.c:637,,offset in mysql-8.0.25/extra/zstd/lib/compress/zstd_lazy.c:687,istart in mysql-8.0.25/extra/zstd/lib/compress/zstd_lazy.c:637
,anchor in mysql-8.0.25/extra/zstd/lib/compress/zstd_lazy.c:639,istart in mysql-8.0.25/extra/zstd/lib/compress/zstd_lazy.c:637,,matchIndex in mysql-8.0.25/extra/zstd/lib/compress/zstd_lazy.c:244,matchLength in mysql-8.0.25/extra/zstd/lib/compress/zstd_lazy.c:316
,start in mysql-8.0.25/extra/zstd/lib/compress/zstd_lazy.c:688,ip in mysql-8.0.25/extra/zstd/lib/compress/zstd_lazy.c:638,,seqStore in mysql-8.0.25/extra/zstd/lib/compress/zstd_opt.c:1119,ms in mysql-8.0.25/extra/zstd/lib/compress/zstd_opt.c:1119
,r_start in mysql-8.0.25/strings/ctype-uca.cc:4468,r in mysql-8.0.25/strings/ctype-uca.cc:4472,,seqStore in mysql-8.0.25/extra/zstd/lib/compress/zstd_opt.c:855,ms in mysql-8.0.25/extra/zstd/lib/compress/zstd_opt.c:854
,cs in mysql-8.0.25/strings/ctype-uca.cc:4583,param in mysql-8.0.25/strings/ctype-uca.cc:4584,,rep in mysql-8.0.25/extra/zstd/lib/compress/zstd_opt.c:856,src in mysql-8.0.25/extra/zstd/lib/compress/zstd_opt.c:857
,last_grp in mysql-8.0.25/strings/ctype-uca.cc:4586,info in mysql-8.0.25/strings/ctype-uca.cc:4587,,srcSize in mysql-8.0.25/extra/zstd/lib/compress/zstd_opt.c:857,ms in mysql-8.0.25/extra/zstd/lib/compress/zstd_opt.c:854
,ip in mysql-8.0.25/extra/zstd/lib/compress/zstd_lazy.c:931,istart in mysql-8.0.25/extra/zstd/lib/compress/zstd_lazy.c:930,,optLevel in mysql-8.0.25/extra/zstd/lib/compress/zstd_opt.c:858,ms in mysql-8.0.25/extra/zstd/lib/compress/zstd_opt.c:854
,src in mysql-8.0.25/extra/zstd/lib/compress/zstd_lazy.c:927,istart in mysql-8.0.25/extra/zstd/lib/compress/zstd_lazy.c:930,,dictMode in mysql-8.0.25/extra/zstd/lib/compress/zstd_opt.c:859,src in mysql-8.0.25/extra/zstd/lib/compress/zstd_opt.c:857
,anchor in mysql-8.0.25/extra/zstd/lib/compress/zstd_lazy.c:932,istart in mysql-8.0.25/extra/zstd/lib/compress/zstd_lazy.c:930,,iend in mysql-8.0.25/extra/zstd/lib/compress/zstd_opt.c:865,dictMode in mysql-8.0.25/extra/zstd/lib/compress/zstd_opt.c:859
,ip in mysql-8.0.25/extra/zstd/lib/compress/zstd_lazy.c:931,start in mysql-8.0.25/extra/zstd/lib/compress/zstd_lazy.c:957,,ilimit in mysql-8.0.25/extra/zstd/lib/compress/zstd_opt.c:866,dictMode in mysql-8.0.25/extra/zstd/lib/compress/zstd_opt.c:859
,rules in mysql-8.0.25/strings/ctype-uca.cc:4043,r in mysql-8.0.25/strings/ctype-uca.cc:4045,,opt in mysql-8.0.25/extra/zstd/lib/compress/zstd_opt.c:875,src in mysql-8.0.25/extra/zstd/lib/compress/zstd_opt.c:857
,rules in mysql-8.0.25/strings/ctype-uca.cc:4200,r in mysql-8.0.25/strings/ctype-uca.cc:4203,,ip in mysql-8.0.25/extra/zstd/lib/compress/zstd_opt.c:549,dictMode in mysql-8.0.25/extra/zstd/lib/compress/zstd_opt.c:549
,rules in mysql-8.0.25/strings/ctype-uca.cc:4321,r in mysql-8.0.25/strings/ctype-uca.cc:4322,,current in mysql-8.0.25/extra/zstd/lib/compress/zstd_opt.c:559,dictMode in mysql-8.0.25/extra/zstd/lib/compress/zstd_opt.c:549
,src in mysql-8.0.25/extra/zstd/lib/compress/zstd_opt.c:857,istart in mysql-8.0.25/extra/zstd/lib/compress/zstd_opt.c:862,,matchIndex in mysql-8.0.25/extra/zstd/lib/compress/zstd_opt.c:564,current in mysql-8.0.25/extra/zstd/lib/compress/zstd_opt.c:559
,ip in mysql-8.0.25/extra/zstd/lib/compress/zstd_opt.c:863,istart in mysql-8.0.25/extra/zstd/lib/compress/zstd_opt.c:862,,base in mysql-8.0.25/extra/zstd/lib/compress/zstd_opt.c:867,ip in mysql-8.0.25/extra/zstd/lib/compress/zstd_opt.c:863
,anchor in mysql-8.0.25/extra/zstd/lib/compress/zstd_opt.c:864,istart in mysql-8.0.25/extra/zstd/lib/compress/zstd_opt.c:862,,cParams in mysql-8.0.25/extra/zstd/lib/compress/zstd_opt.c:869,base in mysql-8.0.25/extra/zstd/lib/compress/zstd_opt.c:867
,cParams in mysql-8.0.25/extra/zstd/lib/compress/zstd_opt.c:785,ms in mysql-8.0.25/extra/zstd/lib/compress/zstd_opt.c:778,,sufficient_len in mysql-8.0.25/extra/zstd/lib/compress/zstd_opt.c:871,base in mysql-8.0.25/extra/zstd/lib/compress/zstd_opt.c:867
,ms in mysql-8.0.25/extra/zstd/lib/compress/zstd_opt.c:520,base in mysql-8.0.25/extra/zstd/lib/compress/zstd_opt.c:524,,minMatch in mysql-8.0.25/extra/zstd/lib/compress/zstd_opt.c:872,src in mysql-8.0.25/extra/zstd/lib/compress/zstd_opt.c:857
,cParams in mysql-8.0.25/extra/zstd/lib/compress/zstd_opt.c:556,ms in mysql-8.0.25/extra/zstd/lib/compress/zstd_opt.c:547,,matches in mysql-8.0.25/extra/zstd/lib/compress/zstd_opt.c:876,src in mysql-8.0.25/extra/zstd/lib/compress/zstd_opt.c:857
,base in mysql-8.0.25/extra/zstd/lib/compress/zstd_opt.c:558,ms in mysql-8.0.25/extra/zstd/lib/compress/zstd_opt.c:547,,target in mysql-8.0.25/extra/zstd/lib/compress/zstd_opt.c:525,mls in mysql-8.0.25/extra/zstd/lib/compress/zstd_opt.c:522
,bt in mysql-8.0.25/extra/zstd/lib/compress/zstd_opt.c:565,ms in mysql-8.0.25/extra/zstd/lib/compress/zstd_opt.c:547,,idx in mysql-8.0.25/extra/zstd/lib/compress/zstd_opt.c:526,mls in mysql-8.0.25/extra/zstd/lib/compress/zstd_opt.c:522
,dictBase in mysql-8.0.25/extra/zstd/lib/compress/zstd_opt.c:569,ms in mysql-8.0.25/extra/zstd/lib/compress/zstd_opt.c:547,,minMatch in mysql-8.0.25/extra/zstd/lib/compress/zstd_opt.c:561,ms in mysql-8.0.25/extra/zstd/lib/compress/zstd_opt.c:547
,dms in mysql-8.0.25/extra/zstd/lib/compress/zstd_opt.c:583,ms in mysql-8.0.25/extra/zstd/lib/compress/zstd_opt.c:547,,dictEnd in mysql-8.0.25/extra/zstd/lib/compress/zstd_opt.c:571,minMatch in mysql-8.0.25/extra/zstd/lib/compress/zstd_opt.c:561
,dmsCParams in mysql-8.0.25/extra/zstd/lib/compress/zstd_opt.c:584,dms in mysql-8.0.25/extra/zstd/lib/compress/zstd_opt.c:583,,prefixStart in mysql-8.0.25/extra/zstd/lib/compress/zstd_opt.c:572,minMatch in mysql-8.0.25/extra/zstd/lib/compress/zstd_opt.c:561
,dmsBase in mysql-8.0.25/extra/zstd/lib/compress/zstd_opt.c:586,dms in mysql-8.0.25/extra/zstd/lib/compress/zstd_opt.c:583,,dmsHighLimit in mysql-8.0.25/extra/zstd/lib/compress/zstd_opt.c:588,dmsLowLimit in mysql-8.0.25/extra/zstd/lib/compress/zstd_opt.c:589
,dmsEnd in mysql-8.0.25/extra/zstd/lib/compress/zstd_opt.c:587,dms in mysql-8.0.25/extra/zstd/lib/compress/zstd_opt.c:583,,skr in mysql-8.0.25/mysys/my_systime.cc:109,to in mysql-8.0.25/mysys/my_systime.cc:107
,dmsBt in mysql-8.0.25/extra/zstd/lib/compress/zstd_opt.c:732,dms in mysql-8.0.25/extra/zstd/lib/compress/zstd_opt.c:583,,a in mysql-8.0.25/strings/ctype-gbk.cc:3546,a_length in mysql-8.0.25/strings/ctype-gbk.cc:3546
,dst in mysql-8.0.25/extra/zstd/lib/decompress/zstd_decompress.c:701,dststart in mysql-8.0.25/extra/zstd/lib/decompress/zstd_decompress.c:706,,b in mysql-8.0.25/strings/ctype-gbk.cc:3546,b_length in mysql-8.0.25/strings/ctype-gbk.cc:3547
,dictPtr in mysql-8.0.25/extra/zstd/lib/decompress/zstd_decompress.c:1031,dict in mysql-8.0.25/extra/zstd/lib/decompress/zstd_decompress.c:1029,,a in mysql-8.0.25/strings/ctype-gbk.cc:3554,a_length in mysql-8.0.25/strings/ctype-gbk.cc:3554
,ip in mysql-8.0.25/extra/zstd/lib/decompress/zstd_decompress.c:1493,istart in mysql-8.0.25/extra/zstd/lib/decompress/zstd_decompress.c:1491,,b in mysql-8.0.25/strings/ctype-gbk.cc:3554,b_length in mysql-8.0.25/strings/ctype-gbk.cc:3555
,ostart in mysql-8.0.25/extra/zstd/lib/decompress/zstd_decompress.c:1494,op in mysql-8.0.25/extra/zstd/lib/decompress/zstd_decompress.c:1496,,slen in mysql-8.0.25/strings/ctype-mb.cc:410,tlen in mysql-8.0.25/strings/ctype-mb.cc:411
,start_time in mysql-8.0.25/mysys/my_systime.cc:108,tm_tmp in mysql-8.0.25/mysys/my_systime.cc:108,,a in mysql-8.0.25/strings/ctype-mb.cc:440,a_length in mysql-8.0.25/strings/ctype-mb.cc:440
,to in mysql-8.0.25/strings/ctype-uca.cc:3988,to_num_ce in mysql-8.0.25/strings/ctype-uca.cc:3988,,b in mysql-8.0.25/strings/ctype-mb.cc:440,b_length in mysql-8.0.25/strings/ctype-mb.cc:441
,a in mysql-8.0.25/strings/ctype-big5.cc:1234,b in mysql-8.0.25/strings/ctype-big5.cc:1234,,str in mysql-8.0.25/strings/ctype-mb.cc:957,wildstr in mysql-8.0.25/strings/ctype-mb.cc:962
,trie_node in mysql-8.0.25/strings/ctype-uca.cc:4005,to in mysql-8.0.25/strings/ctype-uca.cc:3988,,str in mysql-8.0.25/strings/ctype-mb.cc:957,mb in mysql-8.0.25/strings/ctype-mb.cc:990
,a in mysql-8.0.25/strings/ctype-cp932.cc:2191,b in mysql-8.0.25/strings/ctype-cp932.cc:2192,,str in mysql-8.0.25/strings/ctype-mb.cc:957,wildstr_arg in mysql-8.0.25/strings/ctype-mb.cc:958
,a_end in mysql-8.0.25/strings/ctype-cp932.cc:2194,b_end in mysql-8.0.25/strings/ctype-cp932.cc:2195,,str in mysql-8.0.25/strings/ctype-mb.cc:957,wildend_arg in mysql-8.0.25/strings/ctype-mb.cc:959
,s in mysql-8.0.25/strings/ctype-gb18030.cc:20033,t in mysql-8.0.25/strings/ctype-gb18030.cc:20034,,str in mysql-8.0.25/strings/ctype-mb.cc:957,wildend in mysql-8.0.25/strings/ctype-mb.cc:963
,se in mysql-8.0.25/strings/ctype-gb18030.cc:20036,te in mysql-8.0.25/strings/ctype-gb18030.cc:20036,,str in mysql-8.0.25/strings/ctype-mb.cc:226,wildstr in mysql-8.0.25/strings/ctype-mb.cc:231
,rule in mysql-8.0.25/strings/ctype-uca.cc:3672,base in mysql-8.0.25/strings/ctype-uca.cc:3678,,str in mysql-8.0.25/strings/ctype-mb.cc:226,mb in mysql-8.0.25/strings/ctype-mb.cc:260
,a in mysql-8.0.25/strings/ctype-gbk.cc:3554,b in mysql-8.0.25/strings/ctype-gbk.cc:3554,,str in mysql-8.0.25/strings/ctype-mb.cc:226,wildstr_arg in mysql-8.0.25/strings/ctype-mb.cc:227
,a_length in mysql-8.0.25/strings/ctype-mb.cc:440,b_length in mysql-8.0.25/strings/ctype-mb.cc:441,,str in mysql-8.0.25/strings/ctype-mb.cc:226,wildend in mysql-8.0.25/strings/ctype-mb.cc:232
,a in mysql-8.0.25/strings/ctype-mb.cc:440,b in mysql-8.0.25/strings/ctype-mb.cc:440,,str in mysql-8.0.25/strings/ctype-mb.cc:226,wildend_arg in mysql-8.0.25/strings/ctype-mb.cc:228
,dst in mysql-8.0.25/strings/ctype-mb.cc:501,d0 in mysql-8.0.25/strings/ctype-mb.cc:504,,srclen in mysql-8.0.25/strings/ctype-tis620.cc:679,dstlen in mysql-8.0.25/strings/ctype-tis620.cc:678
,min_str in mysql-8.0.25/strings/ctype-mb.cc:662,min_org in mysql-8.0.25/strings/ctype-mb.cc:666,,num_codepoints in mysql-8.0.25/strings/ctype-uca.cc:2060,dst in mysql-8.0.25/strings/ctype-uca.cc:2059
,cs in mysql-8.0.25/strings/ctype-mb.cc:660,contraction_flags in mysql-8.0.25/strings/ctype-mb.cc:736,,s in mysql-8.0.25/strings/ctype-uca.cc:1940,t in mysql-8.0.25/strings/ctype-uca.cc:1940
,wildstr in mysql-8.0.25/strings/ctype-mb.cc:962,wildstr_arg in mysql-8.0.25/strings/ctype-mb.cc:958,,cs in mysql-8.0.25/strings/ctype-uca.cc:1939,s in mysql-8.0.25/strings/ctype-uca.cc:1940
,wildend in mysql-8.0.25/strings/ctype-mb.cc:963,wildend_arg in mysql-8.0.25/strings/ctype-mb.cc:959,,cs in mysql-8.0.25/strings/ctype-uca.cc:1939,t in mysql-8.0.25/strings/ctype-uca.cc:1940
,wildstr in mysql-8.0.25/strings/ctype-mb.cc:962,mb in mysql-8.0.25/strings/ctype-mb.cc:990,,s in mysql-8.0.25/strings/mb_wc.h:111,e in mysql-8.0.25/strings/mb_wc.h:112
,wildstr_arg in mysql-8.0.25/strings/ctype-mb.cc:227,wildstr in mysql-8.0.25/strings/ctype-mb.cc:231,,c in mysql-8.0.25/strings/mb_wc.h:115,e in mysql-8.0.25/strings/mb_wc.h:112
,wildend_arg in mysql-8.0.25/strings/ctype-mb.cc:228,wildend in mysql-8.0.25/strings/ctype-mb.cc:232,,pwc in mysql-8.0.25/strings/mb_wc.h:111,e in mysql-8.0.25/strings/mb_wc.h:112
,mb in mysql-8.0.25/strings/ctype-mb.cc:260,wildstr in mysql-8.0.25/strings/ctype-mb.cc:231,,cweight in mysql-8.0.25/strings/ctype-uca.cc:1312,page in mysql-8.0.25/strings/ctype-uca.cc:1340
,min_str in mysql-8.0.25/strings/ctype-mb.cc:810,min_org in mysql-8.0.25/strings/ctype-mb.cc:814,,cweight in mysql-8.0.25/strings/ctype-uca.cc:1312,code in mysql-8.0.25/strings/ctype-uca.cc:1341
,max_str in mysql-8.0.25/strings/ctype-mb.cc:811,max_org in mysql-8.0.25/strings/ctype-mb.cc:815,,cweight in mysql-8.0.25/strings/ctype-uca.cc:1312,wpage in mysql-8.0.25/strings/ctype-uca.cc:1344
,contraction_flags in mysql-8.0.25/strings/ctype-mb.cc:879,cs in mysql-8.0.25/strings/ctype-mb.cc:808,,wc0 in mysql-8.0.25/strings/ctype-uca.cc:1102,wc1 in mysql-8.0.25/strings/ctype-uca.cc:1102
,rule in mysql-8.0.25/strings/ctype-uca.cc:3560,base in mysql-8.0.25/strings/ctype-uca.cc:3565,,s in mysql-8.0.25/strings/ctype-uca.cc:1780,t in mysql-8.0.25/strings/ctype-uca.cc:1780
,a in mysql-8.0.25/strings/ctype-sjis.cc:1400,b in mysql-8.0.25/strings/ctype-sjis.cc:1401,,slen in mysql-8.0.25/strings/ctype-uca.cc:1780,tlen in mysql-8.0.25/strings/ctype-uca.cc:1781
,a_end in mysql-8.0.25/strings/ctype-sjis.cc:1403,b_end in mysql-8.0.25/strings/ctype-sjis.cc:1403,,t_is_prefix in mysql-8.0.25/strings/ctype-uca.cc:1781,tlen in mysql-8.0.25/strings/ctype-uca.cc:1781
,p in mysql-8.0.25/strings/ctype-uca.cc:3098,rules in mysql-8.0.25/strings/ctype-uca.cc:3100,,t_is_prefix in mysql-8.0.25/strings/ctype-uca.cc:1781,slen in mysql-8.0.25/strings/ctype-uca.cc:1780
,a in mysql-8.0.25/strings/ctype-tis620.cc:620,b in mysql-8.0.25/strings/ctype-tis620.cc:620,,cs in mysql-8.0.25/strings/ctype-uca.cc:1779,s in mysql-8.0.25/strings/ctype-uca.cc:1780
,a in mysql-8.0.25/strings/ctype-tis620.cc:620,buf in mysql-8.0.25/strings/ctype-tis620.cc:620,,cs in mysql-8.0.25/strings/ctype-uca.cc:1779,t in mysql-8.0.25/strings/ctype-uca.cc:1780
,tc1 in mysql-8.0.25/strings/ctype-tis620.cc:597,buf in mysql-8.0.25/strings/ctype-tis620.cc:596,,cs in mysql-8.0.25/strings/ctype-uca.cc:1779,slen in mysql-8.0.25/strings/ctype-uca.cc:1780
,r in mysql-8.0.25/strings/ctype-uca.cc:3439,curr in mysql-8.0.25/strings/ctype-uca.cc:3471,,cs in mysql-8.0.25/strings/ctype-uca.cc:1779,tlen in mysql-8.0.25/strings/ctype-uca.cc:1781
,dst in mysql-8.0.25/strings/ctype-uca.cc:2059,d0 in mysql-8.0.25/strings/ctype-uca.cc:2062,,cs in mysql-8.0.25/strings/ctype-uca.cc:1779,t_is_prefix in mysql-8.0.25/strings/ctype-uca.cc:1781
,wpage in mysql-8.0.25/strings/ctype-uca.cc:1344,uca in mysql-8.0.25/strings/ctype-uca.cc:1344,,s_res in mysql-8.0.25/strings/ctype-uca.cc:1784,t_res in mysql-8.0.25/strings/ctype-uca.cc:1785
,lexem in mysql-8.0.25/strings/ctype-uca.cc:2607,beg in mysql-8.0.25/strings/ctype-uca.cc:2608,,s_res in mysql-8.0.25/strings/ctype-uca.cc:1784,current_lv in mysql-8.0.25/strings/ctype-uca.cc:1793
,el in mysql-8.0.25/extra/libedit/libedit-20191231-3.1/src/chared.c,newbuffer in mysql-8.0.25/extra/libedit/libedit-20191231-3.1/src/chared.c:483,,t_res in mysql-8.0.25/strings/ctype-uca.cc:1785,current_lv in mysql-8.0.25/strings/ctype-uca.cc:1793
,sbeg_local in mysql-8.0.25/strings/ctype-uca.cc:1603,sbeg in mysql-8.0.25/strings/ctype-uca.cc:1603,,cs in mysql-8.0.25/strings/ctype-uca.cc:4937,s in mysql-8.0.25/strings/ctype-uca.cc:4938
,el in mysql-8.0.25/extra/libedit/libedit-20191231-3.1/src/chared.c,oldkbuf in mysql-8.0.25/extra/libedit/libedit-20191231-3.1/src/chared.c:483,,cs in mysql-8.0.25/strings/ctype-uca.cc:4937,slen in mysql-8.0.25/strings/ctype-uca.cc:4938
,dst in mysql-8.0.25/strings/ctype-uca.cc:5038,d0 in mysql-8.0.25/strings/ctype-uca.cc:5041,,cs in mysql-8.0.25/strings/ctype-uca.cc:4937,n1 in mysql-8.0.25/strings/ctype-uca.cc:4938
,param in mysql-8.0.25/strings/ctype-uca.cc:1728,cs in mysql-8.0.25/strings/ctype-uca.cc:1728,,h in mysql-8.0.25/strings/ctype-uca.cc:4966,n1 in mysql-8.0.25/strings/ctype-uca.cc:4938
,s in mysql-8.0.25/strings/ctype-ucs2.cc:623,nptr in mysql-8.0.25/strings/ctype-ucs2.cc:621,,quat_wt in mysql-8.0.25/strings/ctype-uca.cc:1518,cweight in mysql-8.0.25/strings/ctype-uca.cc:1501
,end in mysql-8.0.25/strings/ctype-ucs2.cc:623,n_end in mysql-8.0.25/strings/ctype-ucs2.cc:623,,quat_wt in mysql-8.0.25/strings/ctype-uca.cc:1534,cweight in mysql-8.0.25/strings/ctype-uca.cc:1501
,s in mysql-8.0.25/strings/ctype-ucs2.cc:623,start in mysql-8.0.25/strings/ctype-ucs2.cc:623,,page in mysql-8.0.25/strings/ctype-uca.cc:1541,quat_wt in mysql-8.0.25/strings/ctype-uca.cc:1518
,s in mysql-8.0.25/strings/ctype-ucs2.cc:623,*endptr in mysql-8.0.25/strings/ctype-ucs2.cc:622,,code in mysql-8.0.25/strings/ctype-uca.cc:1542,quat_wt in mysql-8.0.25/strings/ctype-uca.cc:1518
,nptr in mysql-8.0.25/strings/ctype-ucs2.cc:621,*endptr in mysql-8.0.25/strings/ctype-ucs2.cc:622,,wpage in mysql-8.0.25/strings/ctype-uca.cc:1545,quat_wt in mysql-8.0.25/strings/ctype-uca.cc:1518
,str in mysql-8.0.25/strings/ctype-ucs2.cc:784,str0 in mysql-8.0.25/strings/ctype-ucs2.cc:784,,jamo_cnt in mysql-8.0.25/strings/ctype-uca.cc:1208,page in mysql-8.0.25/strings/ctype-uca.cc:1222
,dst in mysql-8.0.25/strings/ctype-ucs2.cc:833,start in mysql-8.0.25/strings/ctype-ucs2.cc:835,,ascii_wpage in mysql-8.0.25/strings/ctype-uca.cc:1577,send_local in mysql-8.0.25/strings/ctype-uca.cc:1585
,pbuf in mysql-8.0.25/strings/ctype-ucs2.cc:870,nbuf in mysql-8.0.25/strings/ctype-ucs2.cc:869,,s_res in mysql-8.0.25/strings/ctype-uca.cc:1566,ascii_wpage in mysql-8.0.25/strings/ctype-uca.cc:1577
,s in mysql-8.0.25/strings/ctype-ucs2.cc:1283,t in mysql-8.0.25/strings/ctype-ucs2.cc:1284,,s_res in mysql-8.0.25/strings/ctype-uca.cc:1566,s_res in mysql-8.0.25/strings/ctype-uca.cc:1592
,se in mysql-8.0.25/strings/ctype-ucs2.cc:1287,te in mysql-8.0.25/strings/ctype-ucs2.cc:1287,,s_res0 in mysql-8.0.25/strings/ctype-uca.cc:1618,s_res1 in mysql-8.0.25/strings/ctype-uca.cc:1619
,el in mysql-8.0.25/extra/libedit/libedit-20191231-3.1/src/chared.c,oldbuf in mysql-8.0.25/extra/libedit/libedit-20191231-3.1/src/chared.c:483,,s_res0 in mysql-8.0.25/strings/ctype-uca.cc:1618,s_res2 in mysql-8.0.25/strings/ctype-uca.cc:1620
,dst in mysql-8.0.25/strings/ctype-ucs2.cc:1887,start in mysql-8.0.25/strings/ctype-ucs2.cc:1889,,s_res0 in mysql-8.0.25/strings/ctype-uca.cc:1618,s_res3 in mysql-8.0.25/strings/ctype-uca.cc:1621
,pbuf in mysql-8.0.25/strings/ctype-ucs2.cc:1929,nbuf in mysql-8.0.25/strings/ctype-ucs2.cc:1928,,cs in mysql-8.0.25/strings/ctype-uca.cc:5037,dst in mysql-8.0.25/strings/ctype-uca.cc:5038
,s in mysql-8.0.25/strings/ctype-ucs2.cc:1815,t in mysql-8.0.25/strings/ctype-ucs2.cc:1816,,dstlen in mysql-8.0.25/strings/ctype-uca.cc:5039,src in mysql-8.0.25/strings/ctype-uca.cc:5039
,se in mysql-8.0.25/strings/ctype-ucs2.cc:1819,te in mysql-8.0.25/strings/ctype-ucs2.cc:1819,,srclen in mysql-8.0.25/strings/ctype-uca.cc:5040,flags in mysql-8.0.25/strings/ctype-uca.cc:5040
,start in mysql-8.0.25/extra/libedit/libedit-20191231-3.1/src/unvis.c:498,dst in mysql-8.0.25/extra/libedit/libedit-20191231-3.1/src/unvis.c:495,,dst_end in mysql-8.0.25/strings/ctype-uca.cc:5042,cs in mysql-8.0.25/strings/ctype-uca.cc:5037
,s in mysql-8.0.25/strings/ctype-ucs2.cc:2224,t in mysql-8.0.25/strings/ctype-ucs2.cc:2225,,res in mysql-8.0.25/strings/ctype-uca.cc:1727,param in mysql-8.0.25/strings/ctype-uca.cc:1728
,se in mysql-8.0.25/strings/ctype-ucs2.cc:2226,te in mysql-8.0.25/strings/ctype-ucs2.cc:2226,,dstlen in mysql-8.0.25/strings/ctype-uca.cc:11392,srclen in mysql-8.0.25/strings/ctype-uca.cc:11393
,uni_plane in mysql-8.0.25/strings/ctype-ucs2.cc:2643,cs in mysql-8.0.25/strings/ctype-ucs2.cc:2639,,res in mysql-8.0.25/strings/ctype-ucs2.cc:630,wc in mysql-8.0.25/strings/ctype-ucs2.cc:629
,s in mysql-8.0.25/strings/ctype-ucs2.cc:2639,t in mysql-8.0.25/strings/ctype-ucs2.cc:2640,,dst in mysql-8.0.25/strings/ctype-ucs2.cc:833,fmt in mysql-8.0.25/strings/ctype-ucs2.cc:833
,se in mysql-8.0.25/strings/ctype-ucs2.cc:2641,te in mysql-8.0.25/strings/ctype-ucs2.cc:2641,,s_wc in mysql-8.0.25/strings/ctype-ucs2.cc:1081,t_wc in mysql-8.0.25/strings/ctype-ucs2.cc:1081
,s in mysql-8.0.25/strings/ctype-ucs2.cc:2755,t in mysql-8.0.25/strings/ctype-ucs2.cc:2756,,s_wc in mysql-8.0.25/strings/ctype-ucs2.cc:1137,t_wc in mysql-8.0.25/strings/ctype-ucs2.cc:1137
,se in mysql-8.0.25/strings/ctype-ucs2.cc:2757,te in mysql-8.0.25/strings/ctype-ucs2.cc:2757,,slen in mysql-8.0.25/strings/ctype-ucs2.cc:65,tlen in mysql-8.0.25/strings/ctype-ucs2.cc:65
,state in mysql-8.0.25/extra/zlib/inflate.c:626,strm in mysql-8.0.25/extra/zlib/inflate.c:623,,s_wc in mysql-8.0.25/strings/ctype-ucs2.cc:1261,t_wc in mysql-8.0.25/strings/ctype-ucs2.cc:1261
,el in mysql-8.0.25/extra/libedit/libedit-20191231-3.1/src/search.c:210,ocursor in mysql-8.0.25/extra/libedit/libedit-20191231-3.1/src/search.c:215,,s_wc in mysql-8.0.25/strings/ctype-ucs2.cc:1286,t_wc in mysql-8.0.25/strings/ctype-ucs2.cc:1286
,el in mysql-8.0.25/extra/libedit/libedit-20191231-3.1/src/search.c:210,cp in mysql-8.0.25/extra/libedit/libedit-20191231-3.1/src/search.c:216,,dst in mysql-8.0.25/strings/ctype-ucs2.cc:1887,fmt in mysql-8.0.25/strings/ctype-ucs2.cc:1887
,ip in mysql-8.0.25/extra/zstd/lib/common/entropy_common.c:66,istart in mysql-8.0.25/extra/zstd/lib/common/entropy_common.c:64,,s_wc in mysql-8.0.25/strings/ctype-ucs2.cc:1762,t_wc in mysql-8.0.25/strings/ctype-ucs2.cc:1762
,headerBuffer in mysql-8.0.25/extra/zstd/lib/common/entropy_common.c:62,istart in mysql-8.0.25/extra/zstd/lib/common/entropy_common.c:64,,s_wc in mysql-8.0.25/strings/ctype-ucs2.cc:1818,t_wc in mysql-8.0.25/strings/ctype-ucs2.cc:1818
,ptr in mysql-8.0.25/extra/libedit/libedit-20191231-3.1/src/history.c:780,nptr in mysql-8.0.25/extra/libedit/libedit-20191231-3.1/src/history.c:806,,s_wc in mysql-8.0.25/strings/ctype-ucs2.cc:2194,t_wc in mysql-8.0.25/strings/ctype-ucs2.cc:2194
,p in mysql-8.0.25/extra/zstd/lib/common/xxhash.c:353,input in mysql-8.0.25/extra/zstd/lib/common/xxhash.c:351,,slen in mysql-8.0.25/strings/ctype-ucs2.cc:2224,tlen in mysql-8.0.25/strings/ctype-ucs2.cc:2225
,p in mysql-8.0.25/extra/zstd/lib/common/xxhash.c:353,bEnd in mysql-8.0.25/extra/zstd/lib/common/xxhash.c:354,,nchars in mysql-8.0.25/strings/ctype-ucs2.cc:2703,nbytes in mysql-8.0.25/strings/ctype-ucs2.cc:2705
,p in mysql-8.0.25/extra/zstd/lib/common/xxhash.c:453,input in mysql-8.0.25/extra/zstd/lib/common/xxhash.c:451,,s_wc in mysql-8.0.25/strings/ctype-ucs2.cc:2585,t_wc in mysql-8.0.25/strings/ctype-ucs2.cc:2585
,p in mysql-8.0.25/extra/zstd/lib/common/xxhash.c:453,bEnd in mysql-8.0.25/extra/zstd/lib/common/xxhash.c:454,,slen in mysql-8.0.25/strings/ctype-ucs2.cc:2640,tlen in mysql-8.0.25/strings/ctype-ucs2.cc:2640
,p in mysql-8.0.25/extra/zstd/lib/common/xxhash.c:602,input in mysql-8.0.25/extra/zstd/lib/common/xxhash.c:600,,s_wc in mysql-8.0.25/strings/ctype-ucs2.cc:2732,t_wc in mysql-8.0.25/strings/ctype-ucs2.cc:2732
,p in mysql-8.0.25/extra/zstd/lib/common/xxhash.c:722,input in mysql-8.0.25/extra/zstd/lib/common/xxhash.c:720,,slen in mysql-8.0.25/strings/ctype-ucs2.cc:2755,tlen in mysql-8.0.25/strings/ctype-ucs2.cc:2756
,huffNode0 in mysql-8.0.25/extra/zstd/lib/compress/huf_compress.c:352,workSpace in mysql-8.0.25/extra/zstd/lib/compress/huf_compress.c:350,,bitCount in mysql-8.0.25/extra/zstd/lib/common/entropy_common.c:71,ip in mysql-8.0.25/extra/zstd/lib/common/entropy_common.c:66
,dtPtr in mysql-8.0.25/extra/zstd/lib/decompress/huf_decompress.c:144,dt in mysql-8.0.25/extra/zstd/lib/decompress/huf_decompress.c:145,,p in mysql-8.0.25/extra/zstd/lib/common/xxhash.c:353,h32 in mysql-8.0.25/extra/zstd/lib/common/xxhash.c:355
,cSrc in mysql-8.0.25/extra/zstd/lib/decompress/huf_decompress.c:274,istart in mysql-8.0.25/extra/zstd/lib/decompress/huf_decompress.c:280,,p in mysql-8.0.25/extra/zstd/lib/common/xxhash.c:453,h64 in mysql-8.0.25/extra/zstd/lib/common/xxhash.c:455
,dst in mysql-8.0.25/extra/zstd/lib/decompress/huf_decompress.c:273,ostart in mysql-8.0.25/extra/zstd/lib/decompress/huf_decompress.c:281,,p in mysql-8.0.25/extra/zstd/lib/common/xxhash.c:602,state in mysql-8.0.25/extra/zstd/lib/common/xxhash.c:600
,dtPtr in mysql-8.0.25/extra/zstd/lib/decompress/huf_decompress.c:283,dt in mysql-8.0.25/extra/zstd/lib/decompress/huf_decompress.c:284,,p in mysql-8.0.25/extra/zstd/lib/common/xxhash.c:722,state in mysql-8.0.25/extra/zstd/lib/common/xxhash.c:720
,op1 in mysql-8.0.25/extra/zstd/lib/decompress/huf_decompress.c:303,ostart in mysql-8.0.25/extra/zstd/lib/decompress/huf_decompress.c:281,,tableLog in mysql-8.0.25/extra/zstd/lib/compress/huf_compress.c:176,nbSymbols in mysql-8.0.25/extra/zstd/lib/compress/huf_compress.c:177
,op2 in mysql-8.0.25/extra/zstd/lib/decompress/huf_decompress.c:304,opStart2 in mysql-8.0.25/extra/zstd/lib/decompress/huf_decompress.c:300,,huffNode in mysql-8.0.25/extra/zstd/lib/compress/huf_compress.c:35,n in mysql-8.0.25/extra/zstd/lib/compress/huf_compress.c:354
,op3 in mysql-8.0.25/extra/zstd/lib/decompress/huf_decompress.c:305,opStart3 in mysql-8.0.25/extra/zstd/lib/decompress/huf_decompress.c:301,,nbSymbols in mysql-8.0.25/extra/zstd/lib/decompress/huf_decompress.c:142,tableLog in mysql-8.0.25/extra/zstd/lib/decompress/huf_decompress.c:141
,op4 in mysql-8.0.25/extra/zstd/lib/decompress/huf_decompress.c:306,opStart4 in mysql-8.0.25/extra/zstd/lib/decompress/huf_decompress.c:302,,dtLog in mysql-8.0.25/extra/zstd/lib/decompress/huf_decompress.c:309,dt in mysql-8.0.25/extra/zstd/lib/decompress/huf_decompress.c:284
,dtPtr in mysql-8.0.25/extra/zstd/lib/decompress/huf_decompress.c:568,dt in mysql-8.0.25/extra/zstd/lib/decompress/huf_decompress.c:569,,nbSymbols in mysql-8.0.25/extra/zstd/lib/decompress/huf_decompress.c:564,tableLog in mysql-8.0.25/extra/zstd/lib/decompress/huf_decompress.c:564
,p in mysql-8.0.25/extra/zstd/lib/decompress/huf_decompress.c:705,pStart in mysql-8.0.25/extra/zstd/lib/decompress/huf_decompress.c:708,,dt in mysql-8.0.25/extra/zstd/lib/decompress/huf_decompress.c:771,dtLog in mysql-8.0.25/extra/zstd/lib/decompress/huf_decompress.c:796
,dst in mysql-8.0.25/extra/zstd/lib/decompress/huf_decompress.c:733,ostart in mysql-8.0.25/extra/zstd/lib/decompress/huf_decompress.c:743,,max in mysql-8.0.25/extra/zstd/lib/decompress/zstd_decompress_block.c:434,tableLog in mysql-8.0.25/extra/zstd/lib/decompress/zstd_decompress_block.c:465
,dtPtr in mysql-8.0.25/extra/zstd/lib/decompress/huf_decompress.c:745,dt in mysql-8.0.25/extra/zstd/lib/decompress/huf_decompress.c:746,,litPtr in mysql-8.0.25/extra/zstd/lib/decompress/zstd_decompress_block.c:1063,seqNb in mysql-8.0.25/extra/zstd/lib/decompress/zstd_decompress_block.c:1077
,cSrc in mysql-8.0.25/extra/zstd/lib/decompress/huf_decompress.c:762,istart in mysql-8.0.25/extra/zstd/lib/decompress/huf_decompress.c:767,,op in mysql-8.0.25/extra/zstd/lib/decompress/zstd_decompress_block.c:706,match in mysql-8.0.25/extra/zstd/lib/decompress/zstd_decompress_block.c:716
,dst in mysql-8.0.25/extra/zstd/lib/decompress/huf_decompress.c:761,ostart in mysql-8.0.25/extra/zstd/lib/decompress/huf_decompress.c:768,,space_needed in mysql-8.0.25/sql-common/sql_string.cc:674,grow_by in mysql-8.0.25/sql-common/sql_string.cc:674
,dtPtr in mysql-8.0.25/extra/zstd/lib/decompress/huf_decompress.c:770,dt in mysql-8.0.25/extra/zstd/lib/decompress/huf_decompress.c:771,,s_len in mysql-8.0.25/sql-common/sql_string.cc:744,t_len in mysql-8.0.25/sql-common/sql_string.cc:745
,op1 in mysql-8.0.25/extra/zstd/lib/decompress/huf_decompress.c:790,ostart in mysql-8.0.25/extra/zstd/lib/decompress/huf_decompress.c:768,,to_cs in mysql-8.0.25/sql-common/sql_string.cc:821,to_length in mysql-8.0.25/sql-common/sql_string.cc:822
,op2 in mysql-8.0.25/extra/zstd/lib/decompress/huf_decompress.c:791,opStart2 in mysql-8.0.25/extra/zstd/lib/decompress/huf_decompress.c:787,,from in mysql-8.0.25/sql-common/sql_string.cc:823,to_length in mysql-8.0.25/sql-common/sql_string.cc:822
,op3 in mysql-8.0.25/extra/zstd/lib/decompress/huf_decompress.c:792,opStart3 in mysql-8.0.25/extra/zstd/lib/decompress/huf_decompress.c:788,,from_length in mysql-8.0.25/sql-common/sql_string.cc:823,to_length in mysql-8.0.25/sql-common/sql_string.cc:822
,op4 in mysql-8.0.25/extra/zstd/lib/decompress/huf_decompress.c:793,opStart4 in mysql-8.0.25/extra/zstd/lib/decompress/huf_decompress.c:789,,from_length in mysql-8.0.25/sql-common/sql_string.cc:823,from in mysql-8.0.25/sql-common/sql_string.cc:823
,src in mysql-8.0.25/extra/zstd/lib/decompress/zstd_decompress_block.c:80,istart in mysql-8.0.25/extra/zstd/lib/decompress/zstd_decompress_block.c:85,,nchars in mysql-8.0.25/sql-common/sql_string.cc:824,to_length in mysql-8.0.25/sql-common/sql_string.cc:822
,DTableSpace in mysql-8.0.25/extra/zstd/lib/decompress/zstd_decompress_block.c:433,*DTablePtr in mysql-8.0.25/extra/zstd/lib/decompress/zstd_decompress_block.c:433,,from_length in mysql-8.0.25/sql-common/sql_string.cc:823,nchars in mysql-8.0.25/sql-common/sql_string.cc:824
,defaultTable in mysql-8.0.25/extra/zstd/lib/decompress/zstd_decompress_block.c:437,*DTablePtr in mysql-8.0.25/extra/zstd/lib/decompress/zstd_decompress_block.c:433,,from in mysql-8.0.25/sql-common/sql_string.cc:823,nchars in mysql-8.0.25/sql-common/sql_string.cc:824
,pStart in mysql-8.0.25/extra/zstd/lib/decompress/zstd_decompress_block.c:459,*DTablePtr in mysql-8.0.25/extra/zstd/lib/decompress/zstd_decompress_block.c:433,,well_formed_error in mysql-8.0.25/sql-common/sql_string.cc:846,nchars in mysql-8.0.25/sql-common/sql_string.cc:824
,litPtr in mysql-8.0.25/extra/zstd/lib/decompress/zstd_decompress_block.c:909,dctx in mysql-8.0.25/extra/zstd/lib/decompress/zstd_decompress_block.c:899,,well_formed_error in mysql-8.0.25/sql-common/sql_string.cc:846,from_length in mysql-8.0.25/sql-common/sql_string.cc:823
,seqStart in mysql-8.0.25/extra/zstd/lib/decompress/zstd_decompress_block.c:901,ip in mysql-8.0.25/extra/zstd/lib/decompress/zstd_decompress_block.c:904,,well_formed_error in mysql-8.0.25/sql-common/sql_string.cc:846,to_length in mysql-8.0.25/sql-common/sql_string.cc:822
,dst in mysql-8.0.25/extra/zstd/lib/decompress/zstd_decompress_block.c:900,ostart in mysql-8.0.25/extra/zstd/lib/decompress/zstd_decompress_block.c:906,,wc in mysql-8.0.25/sql-common/sql_string.cc:934,well_formed_error in mysql-8.0.25/sql-common/sql_string.cc:846
,op in mysql-8.0.25/extra/zstd/lib/decompress/zstd_decompress_block.c:908,ostart in mysql-8.0.25/extra/zstd/lib/decompress/zstd_decompress_block.c:906,,from_len in mysql-8.0.25/sql-common/sql_string.cc:1058,nbytes in mysql-8.0.25/sql-common/sql_string.cc:1059
,prefixStart in mysql-8.0.25/extra/zstd/lib/decompress/zstd_decompress_block.c:911,dctx in mysql-8.0.25/extra/zstd/lib/decompress/zstd_decompress_block.c:899,,prompt in mysql-8.0.25/extra/libedit/libedit-20191231-3.1/src/readline.c:415,count in mysql-8.0.25/extra/libedit/libedit-20191231-3.1/src/readline.c:416
,vBase in mysql-8.0.25/extra/zstd/lib/decompress/zstd_decompress_block.c:912,dctx in mysql-8.0.25/extra/zstd/lib/decompress/zstd_decompress_block.c:899,,ch in mysql-8.0.25/extra/libedit/libedit-20191231-3.1/src/readline.c:2184,n in mysql-8.0.25/extra/libedit/libedit-20191231-3.1/src/readline.c:2185
,dictEnd in mysql-8.0.25/extra/zstd/lib/decompress/zstd_decompress_block.c:913,dctx in mysql-8.0.25/extra/zstd/lib/decompress/zstd_decompress_block.c:899,,cmd in mysql-8.0.25/extra/libedit/libedit-20191231-3.1/src/readline.c:546,idx in mysql-8.0.25/extra/libedit/libedit-20191231-3.1/src/readline.c:548
,seqStart in mysql-8.0.25/extra/zstd/lib/decompress/zstd_decompress_block.c:1055,ip in mysql-8.0.25/extra/zstd/lib/decompress/zstd_decompress_block.c:1058,,j in mysql-8.0.25/extra/libedit/libedit-20191231-3.1/src/readline.c:974,str in mysql-8.0.25/extra/libedit/libedit-20191231-3.1/src/readline.c:921
,dst in mysql-8.0.25/extra/zstd/lib/decompress/zstd_decompress_block.c:1054,ostart in mysql-8.0.25/extra/zstd/lib/decompress/zstd_decompress_block.c:1060,,tmp in mysql-8.0.25/extra/libedit/libedit-20191231-3.1/src/readline.c:925,j in mysql-8.0.25/extra/libedit/libedit-20191231-3.1/src/readline.c:974
,op in mysql-8.0.25/extra/zstd/lib/decompress/zstd_decompress_block.c:1062,ostart in mysql-8.0.25/extra/zstd/lib/decompress/zstd_decompress_block.c:1060,,aptr in mysql-8.0.25/extra/libedit/libedit-20191231-3.1/src/readline.c:677,idx in mysql-8.0.25/extra/libedit/libedit-20191231-3.1/src/readline.c:680
,prefixStart in mysql-8.0.25/extra/zstd/lib/decompress/zstd_decompress_block.c:1065,dctx in mysql-8.0.25/extra/zstd/lib/decompress/zstd_decompress_block.c:1053,,cmd in mysql-8.0.25/extra/libedit/libedit-20191231-3.1/src/readline.c:678,idx in mysql-8.0.25/extra/libedit/libedit-20191231-3.1/src/readline.c:680
,litPtr in mysql-8.0.25/extra/zstd/lib/decompress/zstd_decompress_block.c:1063,dctx in mysql-8.0.25/extra/zstd/lib/decompress/zstd_decompress_block.c:1053,,tmp in mysql-8.0.25/extra/libedit/libedit-20191231-3.1/src/readline.c:677,idx in mysql-8.0.25/extra/libedit/libedit-20191231-3.1/src/readline.c:680
,dictStart in mysql-8.0.25/extra/zstd/lib/decompress/zstd_decompress_block.c:1066,dctx in mysql-8.0.25/extra/zstd/lib/decompress/zstd_decompress_block.c:1053,,argc in mysql-8.0.25/extra/libedit/libedit-20191231-3.1/src/readline.c:2150,argv in mysql-8.0.25/extra/libedit/libedit-20191231-3.1/src/readline.c:2149
,dictEnd in mysql-8.0.25/extra/zstd/lib/decompress/zstd_decompress_block.c:1067,dctx in mysql-8.0.25/extra/zstd/lib/decompress/zstd_decompress_block.c:1053,,fx in mysql-8.0.25/extra/libedit/libedit-20191231-3.1/src/refresh.c:542,nsb in mysql-8.0.25/extra/libedit/libedit-20191231-3.1/src/refresh.c:541
,from in mysql-8.0.25/sql-common/sql_string.cc:823,*from_end_pos in mysql-8.0.25/sql-common/sql_string.cc:827,,el in mysql-8.0.25/extra/libedit/libedit-20191231-3.1/src/refresh.c:537,o in mysql-8.0.25/extra/libedit/libedit-20191231-3.1/src/refresh.c:539
,*well_formed_error_pos in mysql-8.0.25/sql-common/sql_string.cc:825,*from_end_pos in mysql-8.0.25/sql-common/sql_string.cc:827,,n in mysql-8.0.25/extra/libedit/libedit-20191231-3.1/src/refreshc:539,fx in mysql-8.0.25/extra/libedit/libedit-20191231-3.1/src/refresh.c:542
,*cannot_convert_error_pos in mysql-8.0.25/sql-common/sql_string.cc:826,from_prev in mysql-8.0.25/sql-common/sql_string.cc:944,,area in mysql-8.0.25/extra/libedit/libedit-20191231-3.1/src/terminal.c:842,el in mysql-8.0.25/extra/libedit/libedit-20191231-3.1/src/terminal.c:838
,*well_formed_error_pos in mysql-8.0.25/sql-common/sql_string.cc:825,from in mysql-8.0.25/sql-common/sql_string.cc:823,,lins in mysql-8.0.25/extra/libedit/libedit-20191231-3.1/src/terminal.c:845,cols in mysql-8.0.25/extra/libedit/libedit-20191231-3.1/src/terminal.c:845
,to in mysql-8.0.25/sql-common/sql_string.cc:821,to_start in mysql-8.0.25/sql-common/sql_string.cc:939,,lins in mysql-8.0.25/extra/libedit/libedit-20191231-3.1/src/terminal.c:845,area in mysql-8.0.25/extra/libedit/libedit-20191231-3.1/src/terminal.c:842
,from_prev in mysql-8.0.25/sql-common/sql_string.cc:944,from in mysql-8.0.25/sql-common/sql_string.cc:823,,lins in mysql-8.0.25/extra/libedit/libedit-20191231-3.1/src/terminal.c:845,el in mysql-8.0.25/extra/libedit/libedit-20191231-3.1/src/terminal.c:838
,to in mysql-8.0.25/sql-common/sql_string.cc:1057,t in mysql-8.0.25/sql-common/sql_string.cc:1063,,cols in mysql-8.0.25/extra/libedit/libedit-20191231-3.1/src/terminal.c:845,area in mysql-8.0.25/extra/libedit/libedit-20191231-3.1/src/terminal.c:842
,from in mysql-8.0.25/sql-common/sql_string.cc:1057,f in mysql-8.0.25/sql-common/sql_string.cc:1065,,cols in mysql-8.0.25/extra/libedit/libedit-20191231-3.1/src/terminal.c:845,el in mysql-8.0.25/extra/libedit/libedit-20191231-3.1/src/terminal.c:838
,to in mysql-8.0.25/sql-common/sql_string.cc:1057,dots in mysql-8.0.25/sql-common/sql_string.cc:1067,,el in mysql-8.0.25/extra/libedit/libedit-20191231-3.1/src/terminal.c:628,c in mysql-8.0.25/extra/libedit/libedit-20191231-3.1/src/terminal.c:655
,dots in mysql-8.0.25/sql-common/sql_string.cc:1067,t in mysql-8.0.25/sql-common/sql_string.cc:1063,,el in mysql-8.0.25/extra/libedit/libedit-20191231-3.1/src/terminal.c:1312,ep in mysql-8.0.25/extra/libedit/libedit-20191231-3.1/src/terminal.c:1366
,prompt in mysql-8.0.25/extra/libedit/libedit-20191231-3.1/src/readline.c:415,p in mysql-8.0.25/extra/libedit/libedit-20191231-3.1/src/readline.c:412,,el in mysql-8.0.25/extra/libedit/libedit-20191231-3.1/src/terminal.c:1445,argv in mysql-8.0.25/extra/libedit/libedit-20191231-3.1/src/terminal.c:1446
,pat in mysql-8.0.25/extra/libedit/libedit-20191231-3.1/src/readline.c:550,last_search_pat in mysql-8.0.25/extra/libedit/libedit-20191231-3.1/src/readline.c:608,,area in mysql-8.0.25/extra/libedit/libedit-20191231-3.1/src/terminal.c:1452,el in mysql-8.0.25/extra/libedit/libedit-20191231-3.1/src/terminal.c:1445
,rptr in mysql-8.0.25/extra/libedit/libedit-20191231-3.1/src/readline.c:551,ev in mysql-8.0.25/extra/libedit/libedit-20191231-3.1/src/readline.c:552,,argv in mysql-8.0.25/extra/libedit/libedit-20191231-3.1/src/terminal.c:1446,area in mysql-8.0.25/extra/libedit/libedit-20191231-3.1/src/terminal.c:1452
,pat in mysql-8.0.25/extra/libedit/libedit-20191231-3.1/src/readline.c:550,last_search_match in mysql-8.0.25/extra/libedit/libedit-20191231-3.1/src/readline.c:646,,ep in mysql-8.0.25/extra/libedit/libedit-20191231-3.1/src/terminal.c:1449,el in mysql-8.0.25/extra/libedit/libedit-20191231-3.1/src/terminal.c:1445
,str in mysql-8.0.25/extra/libedit/libedit-20191231-3.1/src/readline.c:921,*output in mysql-8.0.25/extra/libedit/libedit-20191231-3.1/src/readline.c:921,,ep in mysql-8.0.25/extra/libedit/libedit-20191231-3.1/src/terminal.c:1449,area in mysql-8.0.25/extra/libedit/libedit-20191231-3.1/src/terminal.c:1452
,result in mysql-8.0.25/extra/libedit/libedit-20191231-3.1/src/readline.c:925,*output in mysql-8.0.25/extra/libedit/libedit-20191231-3.1/src/readline.c:921,,ep in mysql-8.0.25/extra/libedit/libedit-20191231-3.1/src/terminal.c:1449,argv in mysql-8.0.25/extra/libedit/libedit-20191231-3.1/src/terminal.c:1446
,aptr in mysql-8.0.25/extra/libedit/libedit-20191231-3.1/src/readline.c:677,tmp in mysql-8.0.25/extra/libedit/libedit-20191231-3.1/src/readline.c:677,,tok in mysql-8.0.25/extra/libedit/libedit-20191231-3.1/src/tokenizer.c:209,ptr in mysql-8.0.25/extra/libedit/libedit-20191231-3.1/src/tokenizer.c:212
,what in mysql-8.0.25/extra/libedit/libedit-20191231-3.1/src/readline.c:813,from in mysql-8.0.25/extra/libedit/libedit-20191231-3.1/src/readline.c:679,,el in mysql-8.0.25/extra/libedit/libedit-20191231-3.1/src/tty.c:996,i in mysql-8.0.25/extra/libedit/libedit-20191231-3.1/src/tty.c:1027
,what in mysql-8.0.25/extra/libedit/libedit-20191231-3.1/src/readline.c:813,nwhat in mysql-8.0.25/extra/libedit/libedit-20191231-3.1/src/readline.c:833,,m in mysql-8.0.25/extra/libedit/libedit-20191231-3.1/src/tty.c:1156,p in mysql-8.0.25/extra/libedit/libedit-20191231-3.1/src/tty.c:1243
,with in mysql-8.0.25/extra/libedit/libedit-20191231-3.1/src/readline.c:813,nwith in mysql-8.0.25/extra/libedit/libedit-20191231-3.1/src/readline.c:877,,argv in mysql-8.0.25/extra/libedit/libedit-20191231-3.1/src/tty.c:1154,p in mysql-8.0.25/extra/libedit/libedit-20191231-3.1/src/tty.c:1243
,with in mysql-8.0.25/extra/libedit/libedit-20191231-3.1/src/readline.c:813,to in mysql-8.0.25/extra/libedit/libedit-20191231-3.1/src/readline.c:679,,p in mysql-8.0.25/extra/libedit/libedit-20191231-3.1/src/tty.c:1243,el in mysql-8.0.25/extra/libedit/libedit-20191231-3.1/src/tty.c:1153
,tmp in mysql-8.0.25/extra/libedit/libedit-20191231-3.1/src/readline.c:677,*result in mysql-8.0.25/extra/libedit/libedit-20191231-3.1/src/readline.c:675,,mbdst in mysql-8.0.25/extra/libedit/libedit-20191231-3.1/src/vis.c:630,dlen in mysql-8.0.25/extra/libedit/libedit-20191231-3.1/src/vis.c:630
,o in mysql-8.0.25/extra/libedit/libedit-20191231-3.1/src/refresh.c:539,old in mysql-8.0.25/extra/libedit/libedit-20191231-3.1/src/refresh.c:537,,mbdst in mysql-8.0.25/extra/libedit/libedit-20191231-3.1/src/vis.c:651,dlen in mysql-8.0.25/extra/libedit/libedit-20191231-3.1/src/vis.c:651
,n in mysql-8.0.25/extra/libedit/libedit-20191231-3.1/src/refresh.c:539,new in mysql-8.0.25/extra/libedit/libedit-20191231-3.1/src/refresh.c:537,,mbdst in mysql-8.0.25/extra/libedit/libedit-20191231-3.1/src/vis.c:663,dlen in mysql-8.0.25/extra/libedit/libedit-20191231-3.1/src/vis.c:663
,o in mysql-8.0.25/extra/libedit/libedit-20191231-3.1/src/refresh.c:539,ofd in mysql-8.0.25/extra/libedit/libedit-20191231-3.1/src/refresh.c:540,,mbdst in mysql-8.0.25/extra/libedit/libedit-20191231-3.1/src/vis.c:670,dlen in mysql-8.0.25/extra/libedit/libedit-20191231-3.1/src/vis.c:670
,n in mysql-8.0.25/extra/libedit/libedit-20191231-3.1/src/refresh.c:539,nfd in mysql-8.0.25/extra/libedit/libedit-20191231-3.1/src/refresh.c:540,,mbdst in mysql-8.0.25/extra/libedit/libedit-20191231-3.1/src/vis.c:697,dlen in mysql-8.0.25/extra/libedit/libedit-20191231-3.1/src/vis.c:697
,o in mysql-8.0.25/extra/libedit/libedit-20191231-3.1/src/refresh.c:539,oe in mysql-8.0.25/extra/libedit/libedit-20191231-3.1/src/refresh.c:540,,mbdst in mysql-8.0.25/extra/libedit/libedit-20191231-3.1/src/vis.c:726,dlen in mysql-8.0.25/extra/libedit/libedit-20191231-3.1/src/vis.c:726
,n in mysql-8.0.25/extra/libedit/libedit-20191231-3.1/src/refresh.c:539,ne in mysql-8.0.25/extra/libedit/libedit-20191231-3.1/src/refresh.c:540,,mbdst in mysql-8.0.25/extra/libedit/libedit-20191231-3.1/src/vis.c:756,dlen in mysql-8.0.25/extra/libedit/libedit-20191231-3.1/src/vis.c:756
,nsb in mysql-8.0.25/extra/libedit/libedit-20191231-3.1/src/refresh.c:541,nls in mysql-8.0.25/extra/libedit/libedit-20191231-3.1/src/refresh.c:540,,mbdst in mysql-8.0.25/extra/libedit/libedit-20191231-3.1/src/vis.c:762,dlen in mysql-8.0.25/extra/libedit/libedit-20191231-3.1/src/vis.c:762
,ols in mysql-8.0.25/extra/libedit/libedit-20191231-3.1/src/refresh.c:540,osb in mysql-8.0.25/extra/libedit/libedit-20191231-3.1/src/refresh.c:541,,el in mysql-8.0.25/extra/libedit/libedit-20191231-3.1/src/el.c:218,rv in mysql-8.0.25/extra/libedit/libedit-20191231-3.1/src/el.c:221
,ols in mysql-8.0.25/extra/libedit/libedit-20191231-3.1/src/refresh.c:540,ose in mysql-8.0.25/extra/libedit/libedit-20191231-3.1/src/refresh.c:541,,len in mysql-8.0.25/extra/libedit/libedit-20191231-3.1/src/el.c:554,ptr in mysql-8.0.25/extra/libedit/libedit-20191231-3.1/src/el.c:556
,nse in mysql-8.0.25/extra/libedit/libedit-20191231-3.1/src/refresh.c:541,nls in mysql-8.0.25/extra/libedit/libedit-20191231-3.1/src/refresh.c:540,,lins in mysql-8.0.25/extra/libedit/libedit-20191231-3.1/src/el.c:632,cols in mysql-8.0.25/extra/libedit/libedit-20191231-3.1/src/el.c:632
,n in mysql-8.0.25/extra/libedit/libedit-20191231-3.1/src/refresh.c:539,p in mysql-8.0.25/extra/libedit/libedit-20191231-3.1/src/refresh.c:539,,el in mysql-8.0.25/extra/libedit/libedit-20191231-3.1/src/eln.c:105,ret in mysql-8.0.25/extra/libedit/libedit-20191231-3.1/src/eln.c:108
,n in mysql-8.0.25/extra/libedit/libedit-20191231-3.1/src/refresh.c:539,nsb in mysql-8.0.25/extra/libedit/libedit-20191231-3.1/src/refresh.c:541,,wc in mysql-8.0.25/extra/libedit/libedit-20191231-3.1/src/eln.c:296,pw in mysql-8.0.25/extra/libedit/libedit-20191231-3.1/src/eln.c:304
,nse in mysql-8.0.25/extra/libedit/libedit-20191231-3.1/src/refresh.c:541,p in mysql-8.0.25/extra/libedit/libedit-20191231-3.1/src/refresh.c:539,,retval in mysql-8.0.25/extra/libedit/libedit-20191231-3.1/src/history.c:1002,ev in mysql-8.0.25/extra/libedit/libedit-20191231-3.1/src/history.c:998
,ofd in mysql-8.0.25/extra/libedit/libedit-20191231-3.1/src/refresh.c:540,osb in mysql-8.0.25/extra/libedit/libedit-20191231-3.1/src/refresh.c:541,,retval in mysql-8.0.25/extra/libedit/libedit-20191231-3.1/src/history.c:1002,h in mysql-8.0.25/extra/libedit/libedit-20191231-3.1/src/history.c:998
,ose in mysql-8.0.25/extra/libedit/libedit-20191231-3.1/src/refresh.c:541,o in mysql-8.0.25/extra/libedit/libedit-20191231-3.1/src/refresh.c:539,,line in mysql-8.0.25/extra/libedit/libedit-20191231-3.1/src/history.c:776,llen in mysql-8.0.25/extra/libedit/libedit-20191231-3.1/src/history.c:777
,o in mysql-8.0.25/extra/libedit/libedit-20191231-3.1/src/refresh.c:539,p in mysql-8.0.25/extra/libedit/libedit-20191231-3.1/src/refresh.c:539,,h in mysql-8.0.25/extra/libedit/libedit-20191231-3.1/src/history.c:726,nh in mysql-8.0.25/extra/libedit/libedit-20191231-3.1/src/history.c:726
,nsb in mysql-8.0.25/extra/libedit/libedit-20191231-3.1/src/refresh.c:541,nfd in mysql-8.0.25/extra/libedit/libedit-20191231-3.1/src/refresh.c:540,,el in mysql-8.0.25/extra/libedit/libedit-20191231-3.1/src/read.c:477,cmdnum in mysql-8.0.25/extra/libedit/libedit-20191231-3.1/src/read.c:480
,nse in mysql-8.0.25/extra/libedit/libedit-20191231-3.1/src/refresh.c:541,n in mysql-8.0.25/extra/libedit/libedit-20191231-3.1/src/refresh.c:539,,ch in mysql-8.0.25/extra/libedit/libedit-20191231-3.1/src/read.c:482,el in mysql-8.0.25/extra/libedit/libedit-20191231-3.1/src/read.c:477
,osb in mysql-8.0.25/extra/libedit/libedit-20191231-3.1/src/refresh.c:541,o in mysql-8.0.25/extra/libedit/libedit-20191231-3.1/src/refresh.c:539,,cmdnum in mysql-8.0.25/extra/libedit/libedit-20191231-3.1/src/read.c:480,ch in mysql-8.0.25/extra/libedit/libedit-20191231-3.1/src/read.c:482
,p in mysql-8.0.25/extra/libedit/libedit-20191231-3.1/src/refresh.c:539,ose in mysql-8.0.25/extra/libedit/libedit-20191231-3.1/src/refresh.c:541,,ch in mysql-8.0.25/extra/libedit/libedit-20191231-3.1/src/search.c:215,cp in mysql-8.0.25/extra/libedit/libedit-20191231-3.1/src/search.c:216
,ols in mysql-8.0.25/extra/libedit/libedit-20191231-3.1/src/refresh.c:540,oe in mysql-8.0.25/extra/libedit/libedit-20191231-3.1/src/refresh.c:540,,ch in mysql-8.0.25/extra/libedit/libedit-20191231-3.1/src/search.c:215,el in mysql-8.0.25/extra/libedit/libedit-20191231-3.1/src/search.c:210
,nls in mysql-8.0.25/extra/libedit/libedit-20191231-3.1/src/refresh.c:540,ne in mysql-8.0.25/extra/libedit/libedit-20191231-3.1/src/refresh.c:540,,cp in mysql-8.0.25/extra/libedit/libedit-20191231-3.1/src/unvis.c:194,astate in mysql-8.0.25/extra/libedit/libedit-20191231-3.1/src/unvis.c:194
,oe in mysql-8.0.25/extra/libedit/libedit-20191231-3.1/src/refresh.c:540,p in mysql-8.0.25/extra/libedit/libedit-20191231-3.1/src/refresh.c:539,,uc in mysql-8.0.25/extra/libedit/libedit-20191231-3.1/src/unvis.c:196,cp in mysql-8.0.25/extra/libedit/libedit-20191231-3.1/src/unvis.c:194
,area in mysql-8.0.25/extra/libedit/libedit-20191231-3.1/src/terminal.c:842,buf in mysql-8.0.25/extra/libedit/libedit-20191231-3.1/src/terminal.c:841,,uc in mysql-8.0.25/extra/libedit/libedit-20191231-3.1/src/unvis.c:196,astate in mysql-8.0.25/extra/libedit/libedit-20191231-3.1/src/unvis.c:194
,t in mysql-8.0.25/extra/libedit/libedit-20191231-3.1/src/terminal.c:843,tstr in mysql-8.0.25/extra/libedit/libedit-20191231-3.1/src/terminal.c:879,,t in mysql-8.0.25/extra/libedit/libedit-20191231-3.1/src/unvis.c:498,state in mysql-8.0.25/extra/libedit/libedit-20191231-3.1/src/unvis.c:499
,arrow in mysql-8.0.25/extra/libedit/libedit-20191231-3.1/src/terminal.c:1032,el in mysql-8.0.25/extra/libedit/libedit-20191231-3.1/src/terminal.c:1030,,charnum in mysql-8.0.25/extra/zstd/lib/common/entropy_common.c:72,n0 in mysql-8.0.25/extra/zstd/lib/common/entropy_common.c:102
,ts in mysql-8.0.25/extra/libedit/libedit-20191231-3.1/src/terminal.c:1315,tstr in mysql-8.0.25/extra/libedit/libedit-20191231-3.1/src/terminal.c:1330,,left in mysql-8.0.25/extra/zlib/inflate.c:629,out in mysql-8.0.25/extra/zlib/inflate.c:632
,tv in mysql-8.0.25/extra/libedit/libedit-20191231-3.1/src/terminal.c:1316,tval in mysql-8.0.25/extra/libedit/libedit-20191231-3.1/src/terminal.c:1342,,have in mysql-8.0.25/extra/zlib/inflate.c:629,in in mysql-8.0.25/extra/zlib/inflate.c:632
,area in mysql-8.0.25/extra/libedit/libedit-20191231-3.1/src/terminal.c:1452,buf in mysql-8.0.25/extra/libedit/libedit-20191231-3.1/src/terminal.c:1455,,slen in mysql-8.0.25/strings/ctype-ucs2.cc:1816,tlen in mysql-8.0.25/strings/ctype-ucs2.cc:1816
,t in mysql-8.0.25/extra/libedit/libedit-20191231-3.1/src/terminal.c:1454,tstr in mysql-8.0.25/extra/libedit/libedit-20191231-3.1/src/terminal.c:1509,,slen in mysql-8.0.25/strings/ctype-ucs2.cc:1284,tlen in mysql-8.0.25/strings/ctype-ucs2.cc:1284
,cap in mysql-8.0.25/extra/libedit/libedit-20191231-3.1/src/terminal.c:1448,scap in mysql-8.0.25/extra/libedit/libedit-20191231-3.1/src/terminal.c:1448,,four_bytes in mysql-8.0.25/strings/ctype-uca.cc:1613,sbeg_local in mysql-8.0.25/strings/ctype-uca.cc:1603
,ptr in mysql-8.0.25/extra/libedit/libedit-20191231-3.1/src/tokenizer.c:212,line in mysql-8.0.25/extra/libedit/libedit-20191231-3.1/src/tokenizer.c:209,,four_bytes in mysql-8.0.25/strings/mb_wc.h:163,s in mysql-8.0.25/strings/mb_wc.h:111
,tok in mysql-8.0.25/extra/libedit/libedit-20191231-3.1/src/tokenizer.c:209,*argv in mysql-8.0.25/extra/libedit/libedit-20191231-3.1/src/tokenizer.c:209,,dstlen in mysql-8.0.25/strings/ctype-tis620.cc:678,dstlen0 in mysql-8.0.25/strings/ctype-tis620.cc:680
,el in mysql-8.0.25/extra/libedit/libedit-20191231-3.1/src/tty.c:1153,tios in mysql-8.0.25/extra/libedit/libedit-20191231-3.1/src/tty.c:1161,,len in mysql-8.0.25/strings/ctype-tis620.cc:682,dstlen in mysql-8.0.25/strings/ctype-tis620.cc:678
,m in mysql-8.0.25/extra/libedit/libedit-20191231-3.1/src/tty.c:1156,ttymodes in mysql-8.0.25/extra/libedit/libedit-20191231-3.1/src/tty.c:1200,,a_length in mysql-8.0.25/strings/ctype-tis620.cc:618,b_length in mysql-8.0.25/strings/ctype-tis620.cc:619
,d in mysql-8.0.25/extra/libedit/libedit-20191231-3.1/src/tty.c:1159,s in mysql-8.0.25/extra/libedit/libedit-20191231-3.1/src/tty.c:1159,,wc in mysql-8.0.25/strings/ctype-mb.cc:822,wc2 in mysql-8.0.25/strings/ctype-mb.cc:822
,fname in mysql-8.0.25/extra/libedit/libedit-20191231-3.1/src/el.c:551,path in mysql-8.0.25/extra/libedit/libedit-20191231-3.1/src/el.c:557,,a_length in mysql-8.0.25/strings/ctype-gbk.cc:3554,b_length in mysql-8.0.25/strings/ctype-gbk.cc:3555
,,,,a_length in mysql-8.0.25/strings/ctype-cp932.cc:2184,b_length in mysql-8.0.25/strings/ctype-cp932.cc:2184
,,,,a_length in mysql-8.0.25/strings/ctype-big5.cc:1234,b_length in mysql-8.0.25/strings/ctype-big5.cc:1235
,,,,offset in mysql-8.0.25/extra/zstd/lib/compress/zstd_lazy.c:956,offsetFound in mysql-8.0.25/extra/zstd/lib/compress/zstd_lazy.c:973
,,,,offset in mysql-8.0.25/extra/zstd/lib/compress/zstd_lazy.c:956,offset2 in mysql-8.0.25/extra/zstd/lib/compress/zstd_lazy.c:1006
,,,,offset in mysql-8.0.25/extra/zstd/lib/compress/zstd_lazy.c:956,offset2 in mysql-8.0.25/extra/zstd/lib/compress/zstd_lazy.c:1036
,,,,offset in mysql-8.0.25/extra/zstd/lib/compress/zstd_lazy.c:687,offsetFound in mysql-8.0.25/extra/zstd/lib/compress/zstd_lazy.c:711
,,,,offset in mysql-8.0.25/extra/zstd/lib/compress/zstd_lazy.c:687,offset2 in mysql-8.0.25/extra/zstd/lib/compress/zstd_lazy.c:749
,,,,offset in mysql-8.0.25/extra/zstd/lib/compress/zstd_lazy.c:687,offset2 in mysql-8.0.25/extra/zstd/lib/compress/zstd_lazy.c:784