file1,file2
3368/receive_pack_config_132-770902_257-826176.foo.c,3368/receive_pack_config_134-770964_257-826176.foo.c
3400/receive_pack_config_132-770902_252-826032.foo.c,3400/receive_pack_config_134-770964_252-826032.foo.c
274/blk_SHA256_Transform_73-519492_114-524275.foo.c,274/blk_SHA256_Transform_82-519596_118-524847.foo.c
274/blk_SHA256_Transform_73-519492_114-524275.foo.c,274/blk_SHA256_Transform_73-519492_113-524132.foo.c
274/blk_SHA256_Transform_73-519492_114-524275.foo.c,274/blk_SHA256_Transform_73-519492_120-525133.foo.c
274/blk_SHA256_Transform_82-519596_118-524847.foo.c,274/blk_SHA256_Transform_73-519492_113-524132.foo.c
274/blk_SHA256_Transform_82-519596_118-524847.foo.c,274/blk_SHA256_Transform_73-519492_120-525133.foo.c
274/blk_SHA256_Transform_73-519492_113-524132.foo.c,274/blk_SHA256_Transform_73-519492_120-525133.foo.c
261/blk_SHA256_Transform_69-519415_113-524144.foo.c,261/blk_SHA256_Transform_69-519415_124-525717.foo.c
261/blk_SHA256_Transform_69-519415_113-524144.foo.c,261/blk_SHA256_Transform_69-519415_149-528788.foo.c
261/blk_SHA256_Transform_69-519415_124-525717.foo.c,261/blk_SHA256_Transform_69-519415_149-528788.foo.c
271/blk_SHA256_Transform_65-519364_114-524275.foo.c,271/blk_SHA256_Transform_65-519364_113-524132.foo.c
271/blk_SHA256_Transform_65-519364_114-524275.foo.c,271/blk_SHA256_Transform_65-519364_112-523989.foo.c
271/blk_SHA256_Transform_65-519364_114-524275.foo.c,271/blk_SHA256_Transform_65-519364_118-524847.foo.c
271/blk_SHA256_Transform_65-519364_113-524132.foo.c,271/blk_SHA256_Transform_65-519364_112-523989.foo.c
271/blk_SHA256_Transform_65-519364_113-524132.foo.c,271/blk_SHA256_Transform_65-519364_118-524847.foo.c
271/blk_SHA256_Transform_65-519364_112-523989.foo.c,271/blk_SHA256_Transform_65-519364_118-524847.foo.c
265/blk_SHA256_Transform_69-519415_143-528309.foo.c,265/blk_SHA256_Transform_65-519364_133-526879.foo.c
265/blk_SHA256_Transform_69-519415_143-528309.foo.c,265/blk_SHA256_Transform_65-519364_124-525592.foo.c
265/blk_SHA256_Transform_69-519415_143-528309.foo.c,265/blk_SHA256_Transform_69-519415_131-526593.foo.c
265/blk_SHA256_Transform_65-519364_133-526879.foo.c,265/blk_SHA256_Transform_65-519364_124-525592.foo.c
265/blk_SHA256_Transform_65-519364_133-526879.foo.c,265/blk_SHA256_Transform_69-519415_131-526593.foo.c
265/blk_SHA256_Transform_65-519364_124-525592.foo.c,265/blk_SHA256_Transform_69-519415_131-526593.foo.c
1216/blk_SHA256_Transform_89-520702_124-525592.foo.c,1216/blk_SHA256_Transform_89-520714_124-525592.foo.c
