0,1
errlen in net.c:296,err in net.c:295
bservinfo in net.c:369,servinfo in net.c:369
src in async.c:60,dup in async.c:62
stype in async.c:420,reply in async.c:507
cmd in async.c:737,val in ./dict.c:169
cstr in async.c:744,val in ./dict.c:169
cb in async.c:246,val in ./dict.c:169
cstr in async.c:744,cmd in async.c:737
cb in async.c:246,cmd in async.c:737
cb in async.c:246,cstr in async.c:744
sh in sds.c:105,sh in sds.c:84
fp in sds.c:91,sh in sds.c:84
init in sds.c:83,sh in sds.c:84
fp in sds.c:91,sh in sds.c:105
init in sds.c:83,sh in sds.c:105
init in sds.c:83,fp in sds.c:91
fp in ./sds.h:139,sh in ./sds.h:115
sh in sds.c:327,fp in sds.c:319
fmt in sds.c:503,buf in sds.c:505
fp in ./sds.h:139,buf in sds.c:505
fp in ./sds.h:139,fmt in sds.c:503
sh in ./sds.h:115,fmt in sds.c:581
str in sds.c:589,fmt in sds.c:581
fp in ./sds.h:163,fmt in sds.c:581
str in sds.c:589,sh in ./sds.h:115
fp in ./sds.h:163,sh in ./sds.h:115
fp in ./sds.h:163,str in sds.c:589
sp in sds.c:692,fp in ./sds.h:139
ep in sds.c:692,fp in ./sds.h:139
ep in sds.c:692,sp in sds.c:692
count in sds.c:809,sep in sds.c:809
line in sds.c:940,argc in sds.c:940
sh in sds.c:84,argc in sds.c:940
fp in sds.c:91,argc in sds.c:940
fp in ./sds.h:139,argc in sds.c:940
sh in sds.c:84,line in sds.c:940
fp in sds.c:91,line in sds.c:940
fp in ./sds.h:139,line in sds.c:940
fp in ./sds.h:139,sh in sds.c:84
fp in ./sds.h:139,fp in sds.c:91
sep in sds.c:1083,sh in sds.c:84
sep in sds.c:1083,fp in sds.c:91
sep in sds.c:1083,fp in ./sds.h:139
sep in sds.c:1095,sh in sds.c:84
sep in sds.c:1095,fp in sds.c:91
fp in ./sds.h:139,sep in sds.c:1095
arg in hiredis.c:348,_p in hiredis.c:376
target in hiredis.c:305,_p in hiredis.c:376
target in hiredis.c:305,arg in hiredis.c:348
buf in hiredis.c:123,str in hiredis.c:121
aux in hiredis.c:1016,wdone in hiredis.c:1015
str in hiredis.c:667,wdone in hiredis.c:1015
reply in hiredis.c:1014,wdone in hiredis.c:1015
str in hiredis.c:667,aux in hiredis.c:1016
reply in hiredis.c:1014,aux in hiredis.c:1016
reply in hiredis.c:1014,str in hiredis.c:667
reply in hiredis.c:1146,cmd in hiredis.c:1084
reply in hiredis.c:1146,cmd in hiredis.c:1116
buf in read.c:77,reply in read.c:688
str in read.c:53,reply in read.c:688
eptr in read.c:290,reply in read.c:688
str in read.c:53,buf in read.c:77
eptr in read.c:290,buf in read.c:77
eptr in read.c:290,str in read.c:53